Station,CameraID,ImageID,Date,Time,Species,Count,Sex,Age
R1,LSL76,PTDC0001,16/04/2019,16:35,Human,1,-,-
R1,ZSL76,PTDC3886,07/09/2019,19:29,Bird,1,-,-
R1,ZSL76,PTDC4318,19/07/2019,08:42,Bird,1,-,-
R1,ZSL76,PTDC4320,19/07/2019,08:44,Bird,1,-,-
R2,ZS44,PTDC0001,16/04/2019,18:10:26,Human,1,1M,-
R2,ZS44,PTDC0002,16/04/2019,18:10:40,Human,1,1M,-
R3,ZL70,-,-,-,-,-,-,-
R4,ZL55,PTDC0001,15/04/2019,11:45:03,Human,1,1M,-
R5,ZL89,PTDC0001,15/04/2019,09:46:24,Human,1,1F,-
R7,ZS90,-,-,-,-,-,-,-
R8,ZS53,PTDC0073,17/04/2019,09:40:00,Bird,1,-,-
R9,ZSL68,PTDC0001,17/04/2019,18:54:43,Human,1,1M,-
R9,ZSL68,PTDC0002,17/04/2019,18:55:46,Human,3,1M,-
R9,ZSL68,PTDC0003,17/04/2019,18:55:59,Human,2,1M,-
R9,ZSL68,PTDC0004,17/04/2019,18:56:13,Human,2,1M,-
R9,ZSL68,PTDC0005,17/04/2019,18:56:26,Human,1,1M,-
R9,ZSL68,PTDC0006,17/04/2019,18:56:44,Human,1,1M,-
R9,ZSL68,PTDC0007,17/04/2019,18:56:57,Human,1,1M,-
R9,ZSL68,PTDC0008,17/04/2019,18:57:29,Human,1,1M,-
R9,ZSL68,PTDC0009,17/04/2019,18:57:43,Human,1,1M,-
R9,ZSL68,PTDC2338,06/06/2019,05:40:00,Gazella subgutturosa,2,1F/1M,2A
R9,ZSL68,PTDC2339,06/06/2019,05:41:02,Gazella subgutturosa,2,1F/1M,2A
R9,ZSL68,PTDC2340,06/06/2019,05:41:19,Gazella subgutturosa,2,1F/1M,2A
R9,ZSL68,PTDC2631,06/12/2019,07:40:00,Gazella subgutturosa,1,-,-
R9,ZSL68,PTDC2781,15/06/2019,09:20:00,unknown animal,1,-,-
R9,ZSL68,PTDC3153,23/06/2019,08:17:51,unknown animal,1,-,-
R9,ZSL68,PTDC3161,23/06/2019,09:10:00,unknown animal,1,-,-
R9,ZSL68,PTDC3411,28/06/2019,09:40:00,unknown animal,1,-,-
R9,ZSL68,PTDC3671,07/03/2019,08:02:36,Gazella subgutturosa,1,1M,1A
R9,ZSL68,PTDC6294,27/08/2019,09:54:08,unknown animal,1,-,-
R9,ZSL68,PTDC6474,31/08/2019,06:46:13,Bird,1,-,-
R9,ZSL68,PTDC6487,31/08/2019,09:46:31,Bird,1,-,-
R9,ZSL68,PTDC6488,31/08/2019,09:46:53,Bird,1,-,-
R9,ZSL68,PTDC7009,09/11/2019,13:35:58,Bird,1,-,-
R9,ZSL68,PTDC8910,22/10/2019,14:03:12,Human,2,2M,2A
R12,ZS59,PTDC0001,15/04/2019,18:36:21,Human,1,1M,1A
R12,ZS59,PTDC0566,25/04/2019,05:00:00,unknown animal,1,-,-
R12,ZS59,PTDC3127,21/06/2019,12:51:10,Gazella subgutturosa,1,1F,1A
R12,ZS59,PTDC5171,08/04/2019,08:23:28,unknown animal,1,-,-
R12,ZS59,PTDC5730,16/08/2019,09:26:03,Bird,1,-,1Y
R12,ZS59,PTDC5783,17/08/2019,10:33:26,Bird,1,-,-
R12,ZS59,PTDC5812,17/08/2019,19:36:58,Bird,1,-,-
R12,ZS59,PTDC6013,22/08/2019,09:03:13,Bird,1,-,-
R12,ZS59,PTDC6115,24/08/2019,10:23:56,Bird,1,-,-
R12,ZS59,PTDC6117,24/08/2019,10:24:55,Bird,1,-,-
R12,ZS59,PTDC6296,28/08/2019,07:35:55,Bird,1,-,-
R12,ZS59,PTDC6383,29/08/2019,19:26:03,Bird,1,-,-
R12,ZS59,PTDC6394,30/08/2019,07:33:17,Bird,1,-,-
R12,ZS59,PTDC6402,30/08/2019,09:53:00,Bird,1,-,-
R12,ZS59,PTDC6403,30/08/2019,09:53:10,Bird,1,-,-
R12,ZS59,PTDC6610,09/03/2019,14:21:22,Hymenoptera,1,-,-
R12,ZS59,PTDC6655,09/04/2019,13:01:15,Hymenoptera,1,-,-
R12,ZS59,PTDC6670,09/04/2019,17:28:33,Bird,1,-,-
R12,ZS59,PTDC6933,09/10/2019,11:40:32,Bird,1,-,-
R12,ZS59,PTDC6934,09/10/2019,11:40:52,Bird,1,-,-
R12,ZS59,PTDC7239,16/09/2019,19:01:34,Bird,1,-,-
R12,ZS59,PTDC7251,17/09/2019,07:29:08,Bird,1,-,-
R12,ZS59,PTDC7448,21/09/2019,10:38:04,Bird,1,-,-
R12,ZS59,PTDC7495,22/09/2019,10:38:59,Ovis ammon,1,1F,1A
R12,ZS59,PTDC7496,22/09/2019,10:39:09,Ovis ammon,1,1F,1A
R12,ZS59,PTDC7497,22/09/2019,10:39:20,Ovis ammon,2,2F,1A
R12,ZS59,PTDC7633,25/09/2019,09:31:45,Ovis ammon,2,2M,2A
R12,ZS59,PTDC7634,25/09/2019,09:31:54,Ovis ammon,2,2M,2A
R12,ZS59,PTDC7635,25/09/2019,09:32:04,Ovis ammon,2,2M,2A
R12,ZS59,PTDC7636,25/09/2019,09:40:00,Ovis ammon,1,1M,1A
R12,ZS59,PTDC8745,19/10/2019,11:00:00,Ovis ammon,2,1M/1F,2A
R12,ZS59,PTDC8746,19/10/2019,11:00:10,Ovis ammon,2,1M/1F,2A
R12,ZS59,PTDC8747,19/10/2019,11:20:00,Ovis ammon,2,1M/1F,2A
R12,ZS59,PTDC8748,19/10/2019,11:33:57,Ovis ammon,2,1M/1F,2A
R12,ZS59,PTDC8994,24/10/2019,16:32:40,Human,2,1M/1F,2A
R13,ZL99,PTDC0001,15/04/2019,13:24:58,Human,1,1M,1A
R14,ZL27,PTDC0001,14/04/2019,19:49:03,Human,1,1F,1A
R14,ZL27,PTDC5164,08/05/2019,08:20:00,unknown animal,4,-,-
R14,ZL27,PTDC5166,08/05/2019,09:00:00,unknown animal,2,-,-
R14,ZL27,PTDC5798,19/08/2019,05:00:00,unknown animal,1,-,-
R14,ZL27,PTDC6167,27/08/2019,05:20:00,unknown animal,1,-,-
R14,ZL27,PTDC6168,27/08/2019,05:40:00,unknown animal,1,-,-
R14,ZL27,PTDC6191,27/08/2019,13:20:00,Bird,1,-,-
R15,ZS45,PTDC2399,06/07/2019,15:20:00,unknown animal,1,-,-
R15,ZS45,PTDC4066,13/07/2019,19:00:00,unknown animal,1,-,-
R16,WC18,DSCF5341,01/01/2016,12:00:01,-,-,-,-
R16,WC18,DSCF8485,26/06/2019,18:02:23,Human,1,-,-
R19,WC9,DSCF0001,15/04/2019,12:39:27,Human,1,-,-
R19,WC9,DSCF0833,05/04/2019,05:00:08,unknown animal,1,-,-
R19,WC9,DSCF0834,05/04/2019,05:20:11,unknown animal,1,-,-
R19,WC9,DSCF0835,05/04/2019,05:40:14,unknown animal,1,-,-
R19,WC9,DSCF4077,15/07/2019,05:00:08,bat,1,-,-
R19,WC9,DSCF5383,01/01/2016,12:00:01,-,-,-,-
R19,WC9,DSCF8603,25/06/2019,18:53:42,Motorcycle,1,-,-
R19,ZS69,PTDC0001,14/04/2019,15:41:39,Human,1,1M,1A
R19,ZS69,PTDC0002,14/04/2019,15:41:53,Human,1,1M,1A
R19,ZS69,PTDC0003,14/04/2019,15:50:40,Motorcycle,-,-,-
R19,ZS69,PTDC0004,14/04/2019,15:52:55,Human,2,2M,2A
R19,ZS69,PTDC0005,14/04/2019,15:53:09,Human,1,1M,1A
R19,ZS69,PTDC0006,14/04/2019,15:53:23,Human,1,1M,1A
R19,ZS69,PTDC0007,14/04/2019,15:53:39,Human,2,2M,2A
R19,ZS69,PTDC0994,05/03/2019,18:00:00,Equus hemionus,5,-,-
R19,ZS69,PTDC0995,05/03/2019,18:03,Equus hemionus,4,-,-
R19,ZS69,PTDC0996,05/03/2019,18:03:51,Equus hemionus,4,-,-
R19,ZS69,PTDC0997,05/03/2019,18:04:13,Equus hemionus,4,-,-
R19,ZS69,PTDC0998,05/03/2019,18:04:51,Equus hemionus,4,-,-
R19,ZS69,PTDC0999,05/03/2019,18:05:32,Equus hemionus,4,-,-
R19,ZS69,PTDC2403,06/01/2019,15:00:00,unknown animal,1,-,-
R19,ZS69,PTDC2404,06/01/2019,15:20:00,unknown animal,1,-,-
R19,ZS69,PTDC2456,06/02/2019,17:00:00,unknown animal,1,-,-
R19,ZS69,PTDC2461,06/02/2019,18:40:00,unknown animal,1,-,-
R19,ZS69,PTDC2485,06/03/2019,11:20:00,unknown animal,4,-,-
R19,ZS69,PTDC2486,06/03/2019,11:40:00,unknown animal,4,-,-
R19,ZS69,PTDC2487,06/03/2019,12:00:00,unknown animal,4,-,-
R19,ZS69,PTDC2488,06/03/2019,12:20:00,unknown animal,4,-,-
R19,ZS69,PTDC2736,06/08/2019,14:00:00,unknown animal,4,-,-
R19,ZS69,PTDC2911,06/12/2019,10:08:22,Bird,1,-,-
R19,ZS69,PTDC2962,13/06/2019,11:20:00,Equus hemionus,2,-,-
R19,ZS69,PTDC3039,15/06/2019,05:43:25,Bird,1,-,-
R19,ZS69,PTDC3044,15/06/2019,05:46:32,Bird,1,-,-
R19,ZS69,PTDC3045,15/06/2019,05:46:52,Bird,1,-,-
R19,ZS69,PTDC3046,15/06/2019,05:47:42,Bird,1,-,-
R19,ZS69,PTDC3056,15/06/2019,08:36:36,Bird,1,-,-
R19,ZS69,PTDC3062,15/06/2019,09:11:50,Bird,1,-,-
R19,ZS69,PTDC3092,15/06/2019,16:00:00,unknown animal,1,-,-
R19,ZS69,PTDC3108,16/06/2019,05:20:21,Bird,1,-,-
R19,ZS69,PTDC3109,16/06/2019,05:20:45,Bird,1,-,-
R19,ZS69,PTDC3110,16/06/2019,05:21:05,Bird,1,-,-
R19,ZS69,PTDC3111,16/06/2019,05:23:00,Bird,1,-,-
R19,ZS69,PTDC3112,16/06/2019,05:23:39,Bird,1,-,-
R19,ZS69,PTDC3126,16/06/2019,08:47:31,Bird,1,-,-
R19,ZS69,PTDC3130,16/06/2019,08:48:33,Bird,1,-,-
R19,ZS69,PTDC3167,16/06/2019,19:00:00,unknown animal,1,-,-
R19,ZS69,PTDC3184,17/06/2019,09:05:14,Bird,1,-,-
R19,ZS69,PTDC3189,17/06/2019,10:07:51,Bird,1,-,-
R19,ZS69,PTDC3212,17/06/2019,16:56:14,Bird,1,-,-
R19,ZS69,PTDC3220,17/06/2019,17:20:00,unknown animal,3,-,-
R19,ZS69,PTDC3221,17/06/2019,17:40:00,unknown animal,2,-,-
R19,ZS69,PTDC3222,17/06/2019,18:00:00,unknown animal,1,-,-
R19,ZS69,PTDC3228,17/06/2019,18:28:03,Bird,1,-,-
R19,ZS69,PTDC3231,17/06/2019,18:29:30,Bird,1,-,-
R19,ZS69,PTDC3232,17/06/2019,18:29:47,Bird,1,-,-
R19,ZS69,PTDC3257,18/06/2019,10:10:49,Bird,1,-,-
R19,ZS69,PTDC3258,18/06/2019,10:12:07,Bird,1,-,-
R19,ZS69,PTDC3290,18/06/2019,19:15:46,Bird,1,-,-
R19,ZS69,PTDC3293,18/06/2019,19:24:24,Bird,1,-,-
R19,ZS69,PTDC3295,18/06/2019,19:24:56,Bird,1,-,-
R19,ZS69,PTDC3297,18/06/2019,19:31:00,Bird,1,-,-
R19,ZS69,PTDC3327,19/06/2019,07:03:59,Bird,1,-,-
R19,ZS69,PTDC3336,19/06/2019,09:23:32,Bird,1,-,-
R19,ZS69,PTDC3367,19/06/2019,17:44:19,Bird,1,-,-
R19,ZS69,PTDC3386,20/06/2019,07:08:25,Bird,1,-,-
R19,ZS69,PTDC3390,20/06/2019,07:56:07,Bird,1,-,-
R19,ZS69,PTDC3418,20/06/2019,15:00:00,unknown animal,1,-,-
R19,ZS69,PTDC3440,21/06/2019,06:10:36,Bird,1,-,-
R19,ZS69,PTDC3442,21/06/2019,06:12:58,Bird,1,-,-
R19,ZS69,PTDC3443,21/06/2019,06:13:19,Bird,1,-,-
R19,ZS69,PTDC3455,21/06/2019,09:34:50,Bird,1,-,-
R19,ZS69,PTDC3463,21/06/2019,11:14:07,Bird,1,-,-
R19,ZS69,PTDC3487,21/06/2019,16:51:14,Bird,1,-,-
R19,ZS69,PTDC3488,21/06/2019,17:00:00,Bird,1,-,-
R19,ZS69,PTDC3527,22/06/2019,10:50:40,Bird,1,-,-
R19,ZS69,PTDC3554,22/06/2019,19:00:00,Bird,1,-,-
R19,ZS69,PTDC3609,23/06/2019,16:00:00,unknown animal,1,-,-
R19,ZS69,PTDC3626,24/06/2019,06:05:19,Bird,1,-,-
R19,ZS69,PTDC3749,26/06/2019,15:52:28,Bird,1,-,-
R19,ZS69,PTDC3750,26/06/2019,15:52:43,Bird,1,-,-
R19,ZS69,PTDC3776,27/06/2019,08:52:23,Equus hemionus,1,-,1A
R19,ZS69,PTDC3777,27/06/2019,08:52:38,Equus hemionus,1,-,1A
R19,ZS69,PTDC3778,27/06/2019,08:53:28,Equus hemionus,1,-,1A
R19,ZS69,PTDC3779,27/06/2019,08:53:42,Equus hemionus,1,-,1A
R19,ZS69,PTDC3791,27/06/2019,12:38:10,Bird,1,-,-
R19,ZS69,PTDC3824,28/06/2019,07:57:56,Bird,1,-,-
R19,ZS69,PTDC3826,28/06/2019,08:07:55,unknown animal,4,-,-
R19,ZS69,PTDC3827,28/06/2019,08:08:11,unknown animal,4,-,-
R19,ZS69,PTDC3828,28/06/2019,08:20:00,unknown animal,1,-,-
R19,ZS69,PTDC3835,28/06/2019,10:40:00,Bird,1,-,-
R19,ZS69,PTDC3916,30/06/2019,07:00:00,Equus hemionus,1,-,-
R19,ZS69,PTDC3980,07/01/2019,11:37:20,unknown animal,1,-,-
R19,ZS69,PTDC4045,07/02/2019,15:43:18,Gazella subgutturosa,1,1F,1A
R19,ZS69,PTDC4046,07/02/2019,15:43:33,Gazella subgutturosa,1,1F,1A
R19,ZS69,PTDC4110,07/03/2019,15:32:05,Gazella subgutturosa,1,1F,1A
R19,ZS69,PTDC4111,07/03/2019,15:32:21,Gazella subgutturosa,2,2F,2A
R19,ZS69,PTDC4112,07/03/2019,15:32:35,Gazella subgutturosa,2,2F,2A
R19,ZS69,PTDC4113,07/03/2019,15:33:15,Gazella subgutturosa,1,1F,1A
R19,ZS69,PTDC4141,07/04/2019,08:12:47,Bird,1,-,-
R19,ZS69,PTDC4381,07/09/2019,08:09:18,Bird,1,-,-
R19,ZS69,PTDC4453,07/10/2019,13:37:28,Bird,1,-,-
R19,ZS69,PTDC4523,07/11/2019,18:22:41,Bird,1,-,-
R19,ZS69,PTDC4549,07/12/2019,10:28:29,Bird,1,-,-
R19,ZS69,PTDC4578,07/12/2019,17:12:55,Bird,1,-,-
R19,ZS69,PTDC4599,13/07/2019,08:13:27,Bird,1,-,-
R19,ZS69,PTDC4600,19/07/2019,08:14:20,Bird,1,-,-
R19,ZS69,PTDC4646,14/07/2019,07:39:22,Equus hemionus,1,-,-
R19,ZS69,PTDC4647,14/07/2019,07:39:36,Equus hemionus,1,-,-
R19,ZS69,PTDC4795,17/07/2019,07:40:00,Equus hemionus,6,-,-
R19,ZS69,PTDC4796,17/07/2019,08:00:00,Equus hemionus,1,-,-
R19,ZS69,PTDC4832,17/07/2019,19:47:14,Bird,1,-,-
R19,ZS69,PTDC4833,17/07/2019,19:47:35,Bird,1,-,-
R19,ZS69,PTDC5037,22/07/2019,09:20:00,Equus hemionus,1,-,-
R19,ZS69,PTDC5039,22/07/2019,10:00:00,unknown animal,1,-,-
R19,ZS69,PTDC5040,22/07/2019,10:20:00,unknown animal,1,-,-
R19,ZS69,PTDC5049,22/07/2019,13:00:00,unknown animal,1,-,-
R19,ZS69,PTDC5091,23/07/2019,11:40:00,Equus hemionus,1,-,-
R19,ZS69,PTDC5094,23/07/2019,12:40:00,unknown animal,1,-,-
R19,ZS69,PTDC5175,25/07/2019,08:47:07,Bird,1,-,-
R19,ZS69,PTDC5198,25/07/2019,15:00:00,unknown animal,3,-,-
R19,ZS69,PTDC5232,26/07/2019,11:00:00,unknown animal,1,-,-
R19,ZS69,PTDC5233,26/07/2019,11:20:00,unknown animal,2,-,-
R19,ZS69,PTDC5234,26/07/2019,11:40:00,unknown animal,4,-,-
R19,ZS69,PTDC5235,26/07/2019,12:00:00,unknown animal,4,-,-
R19,ZS69,PTDC5236,26/07/2019,12:20:00,unknown animal,4,-,-
R19,ZS69,PTDC5909,08/08/2019,15:00:00,unknown animal,5,-,-
R19,ZS69,PTDC6138,13/08/2019,10:34:26,unknown animal,1,-,-
R19,ZS69,PTDC6193,14/08/2019,11:12:30,Bird,1,-,-
R19,ZS69,PTDC6413,18/08/2019,17:04:26,Bird,1,-,-
R19,ZS69,PTDC6414,18/08/2019,17:05:27,Bird,1,-,-
R19,ZS69,PTDC6415,18/08/2019,17:05:43,Bird,1,-,-
R19,ZS69,PTDC6419,18/08/2019,17:07:19,Bird,1,-,-
R19,ZS69,PTDC6491,20/08/2019,09:40:00,Equus hemionus,2,-,-
R19,ZS69,PTDC6492,20/08/2019,09:41:11,Equus hemionus,2,-,1A/1Y
R19,ZS69,PTDC6707,24/08/2019,10:10:43,Bird,1,-,-
R19,ZS69,PTDC6749,25/08/2019,08:25:26,Bird,1,-,-
R19,ZS69,PTDC6845,26/08/2019,18:18:58,Bird,1,-,-
R19,ZS69,PTDC7296,09/04/2019,11:35:17,Bird,1,-,-
R19,ZS69,PTDC7434,09/07/2019,10:25:42,Camelus bactrianus,3,-,1A
R19,ZS69,PTDC7435,09/07/2019,10:25:58,Camelus bactrianus,1,-,1A
R19,ZS69,PTDC7436,09/07/2019,10:30:47,unknown animal,4,-,-
R19,ZS69,PTDC7460,09/07/2019,16:29:53,Equus hemionus,1,-,1A
R19,ZS69,PTDC7823,15/09/2019,10:04:44,Equus hemionus,1,-,-
R19,ZS69,PTDC8012,18/09/2019,16:00:00,Equus hemionus,2,-,-
R19,ZS69,PTDC8013,18/09/2019,16:20:00,Equus hemionus,1,-,-
R19,ZS69,PTDC8014,18/09/2019,16:40:00,Equus hemionus,1,-,-
R19,ZS69,PTDC8015,18/09/2019,17:00:00,unknown animal,1,-,-
R19,ZS69,PTDC8016,18/09/2019,17:20:00,Equus hemionus,1,-,-
R19,ZS69,PTDC8559,26/09/2019,12:03:28,Bird,1,-,-
R19,ZS69,PTDC8579,26/09/2019,16:40:00,unknown animal,1,-,-
R19,ZS69,PTDC10135,24/10/2019,18:28:37,Human,1,-,-
R19,ZS69,PTDC10136,24/10/2019,18:28:52,Human,1,-,-
R19,ZS69,PTDC10137,24/10/2019,18:29:06,Human,1,-,-
R19,ZS69,PTDC10138,24/10/2019,18:29:20,Human,1,-,-
R20,ZS46,PTDC0002,14/04/2019,17:50:05,Human,1,-,-
R20,ZS46,PTDC0003,14/04/2019,17:50:13,Human,1,-,-
R20,ZS46,PTDC0004,14/04/2019,17:50:23,Human,1,-,-
R20,ZS46,PTDC1054,17/04/2019,14:46:26,Hymenoptera,1,-,-
R20,ZS46,PTDC1065,17/04/2019,14:59:30,Hymenoptera,1,-,-
R20,ZS46,PTDC1089,17/04/2019,15:18:32,Hymenoptera,1,-,-
R20,ZS46,PTDC1090,17/04/2019,15:18:40,Hymenoptera,1,-,-
R20,ZS46,PTDC1165,17/04/2019,16:49:59,Hymenoptera,1,-,-
R20,ZS46,PTDC1923,20/04/2019,11:40:00,Hymenoptera,1,-,-
R20,ZS46,PTDC1924,20/04/2019,11:43:03,Hymenoptera,1,-,-
R20,ZS46,PTDC9608,23/05/2019,05:42:20,Gazella subgutturosa,1,-,-
R20,ZS46,PTDC9609,23/05/2019,05:42:29,Gazella subgutturosa,2,-,-
R20,ZS46,PTDC9610,23/05/2019,05:42:55,Gazella subgutturosa,3,-,-
R20,ZS46,PTDC9611,23/05/2019,05:43:05,Gazella subgutturosa,3,-,-
R20,ZS46,PTD11540,31/05/2019,16:35:44,Gazella subgutturosa,1,-,-
R20,ZS46,PTD11541,31/05/2019,16:36:59,Gazella subgutturosa,1,-,-
R20,ZS46,PTD11542,31/05/2019,16:37:50,Gazella subgutturosa,2,-,-
R20,ZS46,PTD11543,31/05/2019,16:38:04,Gazella subgutturosa,2,-,-
R20,ZS46,PTD11544,31/05/2019,16:38:27,Gazella subgutturosa,2,-,-
R20,ZS46,PTD11545,31/05/2019,16:38:58,Gazella subgutturosa,2,-,-
R20,ZS46,PTDC12270,06/04/2019,11:54:50,Bird,1,-,-
R21,ZS42,PTDC0002,15/04/2019,16:16:35,Human,1,1M,1A
R21,ZS42,PTDC0003,15/04/2019,16:16:44,Human,1,1M,1A
R21,ZS42,PTDC0004,15/04/2019,16:16:53,Human,1,1M,1A
R21,ZS42,PTDC0648,29/04/2019,14:45:28,Gazella subgutturosa,1,-,1A
R21,ZS42,PTDC0839,05/03/2019,16:40:00,Gazella subgutturosa,1,1F,1A
R21,ZS42,PTDC1555,19/05/2019,06:40:00,Gazella subgutturosa,4,-,4A
R21,ZS42,PTDC1556,19/05/2019,06:42:55,Gazella subgutturosa,4,4F,4A
R21,ZS42,PTDC1557,19/05/2019,06:43:20,Gazella subgutturosa,1,-,-
R21,ZS42,PTDC1582,19/05/2019,15:00:00,Gazella subgutturosa,2,-,-
R21,ZS42,PTDC1949,27/05/2019,12:39:15,Gazella subgutturosa,3,1F,3A
R21,ZS42,PTDC1950,27/05/2019,12:40:00,Gazella subgutturosa,3,-,3A
R21,ZS42,PTDC2324,06/04/2019,12:20:00,Gazella subgutturosa,2,-,-
R21,ZS42,PTDC3084,20/06/2019,17:40:16,Bird,1,-,-
R21,ZS42,PTDC4077,07/11/2019,07:39:15,Bird,1,-,-
R21,ZS42,PTDC4078,07/11/2019,07:40:00,Bird,1,-,-
R21,ZS42,PTDC4079,07/11/2019,07:40:14,Bird,1,-,-
R21,ZS42,PTDC4080,07/11/2019,07:40:25,Bird,1,-,-
R21,ZS42,PTDC4084,07/11/2019,08:20:35,Bird,1,-,-
R21,ZS42,PTDC4110,07/11/2019,16:50:37,Bird,1,-,-
R21,ZS42,PTDC5017,30/07/2019,18:46:37,Bird,1,-,-
R21,ZS42,PTDC5018,30/07/2019,18:46:46,Bird,1,-,-
R21,ZS42,PTDC5118,08/01/2019,19:44:31,Bird,1,-,-
R21,ZS42,PTDC5580,08/11/2019,16:35:27,Bird,1,-,-
R21,ZS42,PTDC5581,08/11/2019,16:35:58,Bird,1,-,-
R21,ZS42,PTDC5582,08/11/2019,16:36:07,Bird,1,-,-
R21,ZS42,PTDC5729,14/08/2019,18:40:00,Gazella subgutturosa,3,-,-
R21,ZS42,PTDC6114,22/08/2019,19:27:30,Bird,1,-,-
R21,ZS42,PTDC6364,28/08/2019,09:02:22,Bird,1,-,-
R21,ZS42,PTDC6937,09/09/2019,12:39:52,Bird,1,-,-
R21,ZS42,PTDC6938,09/09/2019,12:40:00,Bird,1,-,-
R21,ZS42,PTDC6940,09/09/2019,12:40:22,Bird,1,-,-
R21,ZS42,PTDC7131,13/09/2019,14:12:26,Bird,1,-,-
R21,ZS42,PTDC9033,24/10/2019,17:34:36,Human,1,1M,1A
R22,ZL19,PTDC0001,15/04/2019,19:21:57,Human,2,2M,2A
R24,ZS91,PTDC0035,15/04/2019,16:20:00,Camelus bactrianus,1,1M,1A
R24,ZS91,PTDC1270,05/12/2019,14:00:00,Gazella subgutturosa,1,-,-
R24,ZS91,PTDC2735,13/06/2019,11:40:00,Gazella subgutturosa,1,-,-
R24,ZS91,PTDC3922,07/09/2019,08:40:00,Equus hemionus,1,-,-
R24,ZS91,PTDC3923,07/09/2019,09:00:00,Equus hemionus,1,-,-
R24,ZS91,PTDC3924,07/09/2019,09:20:00,Equus hemionus,1,-,-
R24,ZS91,PTDC3925,07/09/2019,09:40:00,Equus hemionus,1,-,-
R24,ZS91,PTDC5585,14/08/2019,11:00:00,unknown animal,1,-,-
R24,ZS91,PTDC5586,14/08/2019,11:20:00,unknown animal,1,-,-
R24,ZS91,PTDC5587,14/08/2019,11:40:00,unknown animal,1,-,-
R24,ZS91,PTDC5588,14/08/2019,12:00:00,unknown animal,1,-,-
R24,ZS91,PTDC5589,14/08/2019,12:20:00,unknown animal,1,-,-
R24,ZS91,PTDC6734,09/08/2019,10:40:00,Camelus bactrianus,3,-,3A
R27,ZS40,PTDC0004,18/04/2019,15:40:54,Human,1,1M,1A
R27,ZS40,PTDC0006,18/04/2019,15:55:55,Corvus corax,1,-,-
R27,ZS40,PTDC0007,18/04/2019,15:56:25,Corvus corax,1,-,-
R27,ZS40,PTDC0163,21/04/2019,11:30:18,Corvus corax,2,-,-
R27,ZS40,PTDC0163,21/04/2019,11:31:56,Corvus corax,2,-,-
R27,ZS40,PTDC4860,28/06/2019,17:14:06,unknown animal,1,-,-
R27,ZS40,PTDC5233,07/04/2019,10:33:47,Equus hemionus,1,-,1A
R27,ZS40,PTDC5323,07/05/2019,12:34:39,unknown animal,1,-,-
R27,ZS40,PTDC5324,07/05/2019,12:40:00,unknown animal,1,-,-
R27,ZS40,PTDC5325,07/05/2019,12:42:29,Bird,1,-,-
R27,ZS40,PTDC5326,07/05/2019,12:46:39,Bird,1,-,-
R27,ZS40,PTDC5327,07/05/2019,12:49:31,Bird,1,-,-
R27,ZS40,PTDC5341,07/05/2019,13:34:18,Bird,1,-,-
R27,ZS40,PTDC5344,07/05/2019,13:38:18,Bird,1,-,-
R27,ZS40,PTDC5469,07/07/2019,15:36:15,Equus hemionus,1,-,1A
R27,ZS40,PTDC6089,15/07/2019,12:58:51,Bird,1,-,-
R27,ZS40,PTDC7572,08/06/2019,09:45:10,Equus hemionus,1,-,1A
R27,ZS40,PTDC7788,08/10/2019,13:39:02,car,1,-,-
R27,ZS40,PTDC7789,08/10/2019,13:39:17,car,1,-,-
R27,ZS40,PTDC7792,08/10/2019,13:41:30,Human,1,-,-
R27,ZS40,PTDC7793,08/10/2019,13:41:43,Human,2,1M/1F,2A
R27,ZS40,PTDC7794,08/10/2019,13:43:50,Human,1,1F,1A
R27,ZS40,PTDC7795,08/10/2019,13:44:07,Human,1,1F,1A
R27,ZS40,PTDC7796,08/10/2019,13:44:50,Human,1,1F,1A
R27,ZS40,PTDC7808,08/10/2019,16:23:00,Equus hemionus,2,-,1Y/1A
R27,ZS40,PTDC8373,21/08/2019,10:13:14,Bird,1,-,-
R27,ZS40,PTDC8606,25/08/2019,05:00:00,-,-,-,-
R27,ZS40,PTDC8694,26/08/2019,17:07:22,Bird,1,-,-
R27,ZS40,PTDC9179,09/05/2019,17:02:45,Bird,1,-,-
R27,ZS40,PTDC9846,18/09/2019,13:46:08,Butterfly,1,-,-
R27,ZS40,PTDC11409,21/10/2019,14:06:38,Human,1,1M,1A
R28,WC16,DSCF0590,21/04/2018,19:13:32,Bird,1,-,-
R28,WC16,DSCF0948,26/04/2018,18:53:23,Bird,1,-,-
R28,WC16,DSCF1232,30/04/2018,18:03:09,Bird,1,-,-
R28,WC16,DSCF2258,15/05/2018,08:50:24,unknown animal,1,-,-
R28,WC16,DSCF3274,29/05/2018,10:00:44,Bird,1,-,-
R28,WC16,DSCF3791,06/05/2018,12:11:23,Bird,1,-,-
R28,WC16,DSCF8595,01/01/2016,12:00:01,-,-,-,-
R28,WC16,DSCF10914,15/05/2019,14:11:58,Equus hemionus,5,-,-
R28,WC16,DSCF10915,15/05/2019,14:22:01,Equus hemionus,5,-,-
R28,WC16,DSCF10916,15/05/2019,14:32:04,Equus hemionus,2,-,-
R28,WC16,DSCF11112,18/05/2019,11:01:01,unknown animal,1,-,-
R28,WC16,DSCF13227,16/06/2018,15:12:21,unknown animal,1,-,-
R28,WC16,DSCF13228,16/06/2018,15:22:24,unknown animal,3,-,-
R28,WC16,DSCF13229,16/06/2018,15:32,unknown animal,5,-,-
R28,WC16,DSCF13230,16/06/2018,15:42:30,unknown animal,5,-,-
R28,WC16,DSCF13231,16/06/2018,15:52:33,unknown animal,3,-,-
R28,WC16,DSCF13232,16/06/2018,16:02:36,unknown animal,2,-,-
R28,WC16,DSCF13239,16/06/2018,17:12:58,unknown animal,1,-,-
R28,WC16,DSCF13240,16/06/2018,17:23:01,unknown animal,1,-,-
R28,WC16,DSCF13241,16/06/2018,17:33:04,unknown animal,1,-,-
R28,WC16,DSCF13242,16/06/2018,17:43:07,unknown animal,1,-,-
R28,WC16,DSCF13243,16/06/2018,17:53:10,unknown animal,1,-,-
R28,WC16,DSCF13244,16/06/2018,18:03:13,unknown animal,1,-,-
R28,WC16,DSCF13245,16/06/2018,18:13:16,unknown animal,1,-,-
R28,WC16,DSCF13246,16/06/2018,18:23:19,unknown animal,1,-,-
R28,WC16,DSCF13247,16/06/2018,18:33:22,unknown animal,1,-,-
R28,WC16,DSCF13248,16/06/2018,18:43:25,unknown animal,1,-,-
R28,WC16,DSCF13249,16/06/2018,18:53:28,unknown animal,1,-,-
R28,WC16,DSCF13250,16/06/2018,19:03:31,unknown animal,1,-,-
R28,WC16,DSCF13251,16/06/2018,19:13:34,unknown animal,1,-,-
R28,WC16,DSCF13252,16/06/2018,19:23:37,unknown animal,1,-,-
R28,WC16,DSCF13253,16/06/2018,19:33:40,unknown animal,1,-,-
R28,WC16,DSCF13254,16/06/2018,19:43:43,unknown animal,1,-,-
R28,WC16,DSCF13255,16/06/2018,19:53:46,unknown animal,1,-,-
R29,WC17,DSCF6242,07/09/2019,14:12:02,unknown animal,1,-,-
R29,WC17,DSCF8583,01/01/2016,12:00:01,-,-,-,-
R29,WC17,DSCF11470,12:41:35,12:41:35,-,-,-,-
R30,ZR92,PTDC0001,14/04/2019,11:30:08,Human,1,1M,1A
R30,ZR92,PTDC5704,29/06/2019,16:09:40,Bird,1,-,-
R30,ZR92,PTDC5706,29/06/2019,16:11:23,Bird,1,-,-
R30,ZR92,PTDC5709,29/06/2019,16:17:13,Bird,1,-,-
R30,ZR92,PTDC6055,30/06/2019,10:35:44,Bird,1,-,-
R30,ZR92,PTDC6056,30/06/2019,10:35:54,Bird,1,-,-
R30,ZR92,PTDC6057,30/06/2019,10:36:05,Bird,1,-,-
R30,ZR92,PTDC6058,30/06/2019,10:36:19,Bird,1,-,-
R30,ZR92,PTDC6061,30/06/2019,10:37:57,Bird,1,-,-
R30,ZR92,PTDC6062,30/06/2019,10:38:09,Bird,1,-,-
R30,ZR92,PTDC6066,30/06/2019,11:12:07,Bird,1,-,-
R30,ZR92,PTDC6067,30/06/2019,11:12:26,Bird,1,-,-
R30,ZR92,PTDC6069,30/06/2019,11:12:45,Bird,1,-,-
R30,ZR92,PTDC6070,30/06/2019,11:13:15,Bird,1,-,-
R30,ZR92,PTDC6734,07/09/2019,10:47:28,Bird,1,-,-
R30,ZR92,PTDC6738,07/09/2019,11:43:23,Bird,1,-,-
R30,ZR92,PTDC6774,07/10/2019,06:43:56,Bird,1,-,-
R30,ZR92,PTDC6937,13/07/2019,11:20:00,Bird,1,-,-
R30,ZR92,PTDC8602,08/08/2019,13:17:43,Bird,1,-,-
R30,ZR92,PTDC10581,22/08/2019,13:20:00,unknown animal,1,-,-
R30,ZR92,PTDC10582,22/08/2019,13:40:00,unknown animal,1,-,-
R30,ZR92,PTDC10583,22/08/2019,14:00:00,unknown animal,1,-,-
R30,ZR92,PTDC10584,22/08/2019,14:20:00,unknown animal,1,-,-
R30,ZR92,PTDC10585,22/08/2019,14:40:00,unknown animal,1,-,-
R30,ZR92,PTDC10586,22/08/2019,15:00:00,unknown animal,1,-,-
R30,ZR92,PTDC10587,22/08/2019,15:20:00,unknown animal,1,-,-
R30,ZR92,PTDC10588,22/08/2019,15:40:00,unknown animal,1,-,-
R30,ZR92,PTDC10589,22/08/2019,16:00:00,unknown animal,1,-,-
R30,ZR92,PTDC10590,22/08/2019,16:10:35,unknown animal,1,-,-
R30,ZR92,PTDC10591,22/08/2019,16:20:00,unknown animal,1,-,-
R30,ZR92,PTDC10592,22/08/2019,16:40:00,unknown animal,1,-,-
R30,ZR92,PTDC10593,22/08/2019,17:00:00,unknown animal,1,-,-
R30,ZR92,PTDC10594,22/08/2019,17:20:00,unknown animal,1,-,-
R30,ZR92,PTDC10919,25/08/2019,19:07:13,unknown animal,1,-,-
R30,ZR92,PTDC13351,10/05/2019,10:45:38,Bird,1,-,-
R31,ZL31,PTDC0001,17/04/2019,11:35:20,Human,1,1M,1A
R31,ZL31,PTDC0002,17/04/2019,11:39:45,Human,1,1M,1A
R32,WP20,DSCF0001,17/04/2019,10:10:37,Human,1,1M,1A
R32,WP20,DSCF0003,17/04/2019,10:12:59,Human,1,1M,1A
R32,WP20,DSCF0004,17/04/2019,10:13:07,Human,1,1M,1A
R32,WP20,DSCF1055,05/10/2019,14:41:37,car,2,-,-
R32,WP20,DSCF1055,05/10/2019,14:41:37,unknown animal,1,-,-
R32,WP20,DSCF5395,01/01/2016,12:00:01,-,-,-,-
R33,Z103,PTDC0001,14/04/2019,09:35:30,Human,1,1F,1A
R34,WC11,DSCF0001,17/04/2019,12:05:00,Human,3,-,-
R34,WC11,DSCF5385,01/01/2016,12:00:01,-,-,-,-
R35,WC1,DSCF0001,14/04/2019,13:20:56,Human,1,-,-
R35,WC1,DSCF5381,01/01/2016,12:00:01,-,-,-,-
R36,ZS94,PTDC1878,24/05/2019,13:40:00,Camelus bactrianus,4,-,4A
R36,ZS94,PTDC1887,24/05/2019,16:40:00,Camelus bactrianus,1,-,-
R37,ZS38,PTDC0001,18/04/2019,18:36:15,Human,1,1M,1A
R37,ZS38,PTDC4290,20/07/2019,05:10:47,bat,1,-,-
R37,ZS38,PTDC4291,20/07/2019,05:11:05,bat,1,-,-
R37,ZS38,PTDC4311,20/07/2019,11:00:54,Gazella subgutturosa,1,-,-
R37,ZS38,PTDC4967,08/03/2019,13:29,Gazella subgutturosa,2,1M/1F,2A
R37,ZS38,PTDC4968,08/03/2019,13:29:29,Gazella subgutturosa,1,1F,1A
R37,ZS38,PTDC4969,08/03/2019,13:30:24,Gazella subgutturosa,1,1F,1A
R39,WC7,DSCF2221,01/01/2016,12:00:01,-,-,-,-
R39,WC7,DSCF4129,01/01/2016,12:00:01,-,-,-,-
R40,WC14,DSCF8471,01/01/2016,12:00:01,-,-,-,-
R40,WC14,DSF12296,06/03/2019,12:51:38,unknown animal,1,-,-
R40,WC14,DSCF12297,06/03/2019,13:01:41,unknown animal,1,-,-
R40,WC14,DSCF12314,06/03/2019,15:52:34,unknown animal,1,-,-
R40,WC14,DSCF12318,06/03/2019,16:32:46,unknown animal,1,-,-
R40,WC14,DSCF12329,06/03/2019,18:23:20,unknown animal,1,-,-
R40,WC14,DSCF12333,06/03/2019,19:03:32,unknown animal,1,-,-
R40,WC14,DSCF12334,06/03/2019,19:13:35,unknown animal,1,-,-
R40,WC14,DSCF12335,06/03/2019,19:23:38,unknown animal,1,-,-
R40,WC14,DSCF12365,06/04/2019,12:21:27,unknown animal,1,-,-
R40,WC14,DSCF12366,06/04/2019,12:31:31,unknown animal,1,-,-
R40,WC14,DSCF12373,06/04/2019,13:41:52,unknown animal,1,-,-
R40,WC14,DSCF12374,06/04/2019,13:51:55,unknown animal,1,-,-
R40,WC14,DSCF12383,06/04/2019,15:22:23,unknown animal,1,-,-
R40,WC14,DSCF12907,06/11/2019,18:43,unknown animal,1,-,-
R40,WC14,DSCF12908,06/11/2019,18:53:31,unknown animal,1,-,-
R40,WC14,DSCF12909,06/11/2019,19:03,unknown animal,1,-,-
R40,WC14,DSCF12911,06/11/2019,19:23:40,unknown animal,1,-,-
R40,WC14,DSCF12912,06/11/2019,19:33,unknown animal,1,-,-
R40,WC14,DSCF13055,13/06/2019,19:13:38,unknown animal,1,-,-
R40,WC14,DSCF13057,13/06/2019,19:33:44,unknown animal,1,-,-
R40,WC14,DSCF13594,21/06/2019,13:01:44,unknown animal,1,-,-
R40,WC14,DSCF13597,21/06/2019,13:31:53,unknown animal,1,-,-
R40,WC14,DSCF13602,21/06/2019,14:22:09,unknown animal,1,-,-
R40,WC14,DSCF13605,21/06/2019,14:52:18,unknown animal,1,-,-
R40,WC14,DSCF13611,21/06/2019,15:52:37,unknown animal,1,-,-
R40,WC14,DSCF13612,21/06/2019,16:02:40,unknown animal,1,-,-
R40,WC14,DSCF13613,21/06/2019,16:12:43,unknown animal,1,-,-
R40,WC14,DSCF13618,21/06/2019,17:02:58,unknown animal,1,-,-
R40,WC14,DSCF13629,21/06/2019,18:53:32,unknown animal,1,-,-
R40,WC14,DSCF13631,21/06/2019,19:13:39,unknown animal,1,-,-
R40,WC14,DSCF13785,24/06/2019,08:50:25,unknown animal,1,-,-
R40,WC14,DSCF13792,24/06/2019,10:00:47,unknown animal,1,-,-
R40,WC14,DSCF13801,24/06/2019,11:31:14,unknown animal,1,-,-
R40,WC14,DSCF13806,24/06/2019,12:21:30,unknown animal,1,-,-
R40,WC14,DSCF13809,24/06/2019,12:51:39,unknown animal,1,-,-
R40,WC14,DSCF13811,24/06/2019,13:11:45,unknown animal,1,-,-
R40,WC14,DSCF13820,24/06/2019,14:42:13,unknown animal,1,-,-
R40,WC14,DSCF13826,24/06/2019,15:42:32,unknown animal,1,-,-
R40,WC14,DSCF13827,24/06/2019,15:52:35,unknown animal,1,-,-
R40,WC14,DSCF13828,24/06/2019,16:02:38,unknown animal,1,-,-
R40,WC14,DSCF13839,24/06/2019,17:53:12,unknown animal,1,-,-
R40,WC14,DSCF13842,24/06/2019,18:23:21,unknown animal,1,-,-
R40,WC14,DSCF13846,24/06/2019,19:03:33,unknown animal,1,-,-
R40,WC14,DSCF13850,24/06/2019,19:43:46,unknown animal,1,-,-
R40,WC14,DSCF13873,25/06/2019,11:31:15,unknown animal,1,-,-
R40,WC14,DSCF13879,25/06/2019,12:31:34,unknown animal,1,-,-
R40,WC14,DSCF13880,25/06/2019,12:41:37,unknown animal,1,-,-
R40,WC14,DSCF13882,25/06/2019,13:01:44,unknown animal,1,-,-
R40,WC14,DSCF13884,25/06/2019,13:21:50,unknown animal,1,-,-
R40,WC14,DSCF13886,25/06/2019,13:41:56,unknown animal,1,-,-
R40,WC14,DSCF13887,25/06/2019,13:51:59,unknown animal,1,-,-
R40,WC14,DSCF13894,25/06/2019,15:02:21,unknown animal,1,-,-
R40,WC14,DSCF13897,25/06/2019,15:32:30,unknown animal,1,-,-
R40,WC14,DSCF13898,25/06/2019,15:42:34,unknown animal,1,-,-
R40,WC14,DSCF13901,25/06/2019,16:12:43,unknown animal,1,-,-
R40,WC14,DSCF13903,25/06/2019,16:32:49,unknown animal,1,-,-
R40,WC14,DSCF13913,25/06/2019,18:13:20,unknown animal,1,-,-
R40,WC14,DSCF13916,25/06/2019,18:43:29,unknown animal,1,-,-
R40,WC14,DSCF13918,25/06/2019,19:03:36,unknown animal,1,-,-
R40,WC14,DSCF13919,25/06/2019,19:13:39,unknown animal,1,-,-
R40,WC14,DSCF13920,25/06/2019,19:23:42,unknown animal,1,-,-
R40,WC14,DSCF14054,27/06/2019,17:25:14,-,-,-,-
R41,ZL24,PTDC0001,17/04/2019,14:19:56,Human,2,2M,2A
R42,WC19,DSCF0001,17/04/2019,11:16:04,Human,1,1M,1A
R42,WC19,DSCF5389,01/01/2016,12:00:01,-,-,-,-
R43,ZL96,PTDC0001,13/04/2019,19:43:42,Human,1,1M,1A
R43,ZL96,PTDC6067,23/08/2019,18:00:00,Bird,1,-,-
R44,WC10,DSCF0001,14/04/2019,08:10:32,Human,1,1M,1A
R44,WC10,DSCF5062,08/04/2019,13:01:19,Bird,1,-,-
R44,WC10,DSCF5398,01/01/2016,12:00:01,-,-,-,-
R46,ZS81,PTDC8940,14/10/2019,18:20:00,car,1,-,-
R47,ZS63,PTDC0414,01/01/2017,00:00:00,-,-,-,-
R47,ZS63,PTDC0634,01/05/2017,16:40:00,Chukar,1,-,-
R47,ZS63,PTDC0635,01/05/2017,17:00:00,Chukar,1,-,-
R47,ZS63,PTDC0693,01/01/2017,00:00,-,-,-,-
R47,ZS63,PTDC1247,01/01/2017,00:00:00,-,-,-,-
R47,ZS63,PTDC1317,01/01/2017,00:00,-,-,-,-
R47,ZS63,PTDC1362,01/01/2017,00:00:00,-,-,-,-
R47,ZS63,PTDC1533,01/01/2017,00:00,-,-,-,-
R47,ZS63,PTDC1624,01/01/2017,00:00:00,-,-,-,-
R47,ZS63,PTDC1944,01/01/2017,00:00,-,-,-,-
R47,ZS63,PTDC3066,25/01/2017,10:40:00,unknown animal,2,-,-
R47,ZS63,PTDC3071,01/01/2017,00:00:00,-,-,-,-
R47,ZS63,PTDC3107,01/01/2017,00:00:00,-,-,-,-
R47,ZS63,PTDC3263,01/01/2017,00:00:00,-,-,-,-
R47,ZS63,PTDC3397,01/01/2017,00:00:00,-,-,-,-
R47,ZS63,PTDC4007,01/01/2017,00:00:00,-,-,-,-
R47,ZS63,PTDC4163,01/01/2017,00:00:00,-,-,-,-
R47,ZS63,PTDC5861,01/01/2017,00:00:00,-,-,-,-
R47,ZS63,PTDC6511,01/01/2017,00:00:00,-,-,-,-
R47,ZS63,PTDC6654,01/01/2017,00:00:00,-,-,-,-
R47,ZS63,PTDC8010,01/01/2017,00:00:00,-,-,-,-
R47,ZS63,PTDC8186,01/01/2017,00:00:00,-,-,-,-
R47,ZS63,PTDC8413,01/01/2017,00:00:00,-,-,-,-
R47,ZS63,PTDC8611,01/01/2017,00:00:00,-,-,-,-
R48,ZS64,PTDC0001,19/04/2019,09:27,Human,1,1M,1A
R48,ZS64,PTDC0003,19/04/2019,09:36:27,car,1,-,-
R48,ZS64,PTDC3943,07/11/2019,16:25:22,unknown animal,1,-,-
R48,ZS64,PTDC4307,19/07/2019,07:07:53,Bird,1,-,-
R48,ZS64,PTDC4313,19/07/2019,07:40:51,Bird,1,-,-
R48,ZS64,PTDC4365,20/07/2019,06:46:34,Bird,1,-,-
R48,ZS64,PTDC4879,30/07/2019,14:11:30,Bird,1,-,-
R48,ZS64,PTDC4890,30/07/2019,17:05:17,Bird,1,-,-
R48,ZS64,PTDC4932,31/07/2019,15:56:12,Bird,1,-,-
R48,ZS64,PTDC4965,08/01/2019,07:50:04,Bird,1,-,-
R48,ZS64,PTDC5782,18/08/2019,12:15:39,Bird,1,-,-
R48,ZS64,PTDC6290,29/08/2019,10:11:58,Bird,1,-,-
R48,ZS64,PTDC6304,29/08/2019,14:24:25,Bird,1,-,-
R48,ZS64,PTDC6307,29/08/2019,14:25:10,Bird,1,-,-
R48,ZS64,PTDC6309,29/08/2019,14:25:42,Bird,1,-,-
R48,ZS64,PTDC6311,29/08/2019,14:26,Bird,1,-,-
R48,ZS64,PTDC6312,29/08/2019,14:30:47,Bird,1,-,-
R48,ZS64,PTDC6357,30/08/2019,12:19:10,Bird,1,-,-
R48,ZS64,PTDC6410,31/08/2019,12:47:05,Bird,1,-,-
R48,ZS64,PTDC6418,31/08/2019,13:54:42,Bird,1,-,-
R48,ZS64,PTDC6420,31/08/2019,14:00:29,Bird,1,-,-
R48,ZS64,PTDC6535,09/02/2019,17:09:03,Bird,1,-,-
R48,ZS64,PTDC6754,09/07/2019,12:20:50,Bird,1,-,-
R48,ZS64,PTDC8778,20/10/2019,17:06:14,Human,1,1M,1A
R49,WC13,DSCF8604,01/01/2016,12:00:01,-,-,-,-
R50,WC12,DSCF8588,01/01/2016,12:00:01,-,-,-,-
R51,ZL28,PTDC0001,17/04/2019,16:33:38,Human,1,1F,1A
R52,ZL26,PTDC0001,17/04/2019,13:53:23,Human,2,1F/1M,2A
R53,Z100,PTDC0001,13/04/2019,15:49:52,Human,1,1M,1A
R54,Z102,PTDC0001,13/04/2019,17:50:42,Human,2,1F/1M,2A
R54,Z102,PTDC0670,28/04/2019,11:00:00,-,-,-,-
R54,Z102,PTDC1204,05/10/2019,14:00,-,-,-,-
R54,ZS54,-,-,-,-,-,-,-
R55,WC15,DSCF0001,17/04/2019,15:09:40,Human,1,1F,1A
R55,WC15,DSCF5376,01/01/2016,12:00:01,-,-,-,-
R55,WC15,DSCF8373,22/06/2019,21:10:41,-,-,-,-
R55,WC15,DSCF8374,22/06/2019,21:11:39,Human,1,1M,1A
R56,ZS75,-,-,-,-,-,-,-
R57,ZS15,PTDC3082,18/06/2019,19:40:00,unknown animal,1,-,-
R60,WCP2,DSCF0001,17/04/2019,19:35:58,Human,1,1F,1A
R60,WCP2,DSCF0020,18/04/2019,10:20:56,Chukar,3,-,-
R60,WCP2,DSCF0024,18/04/2019,11:41:08,Chukar,1,-,-
R60,WCP2,DSCF0026,18/04/2019,12:21:14,Chukar,3,-,-
R60,WCP2,DSCF0027,18/04/2019,12:41:16,Chukar,3,-,-
R60,WCP2,DSCF0033,18/04/2019,14:41:34,Chukar,2,-,-
R60,WCP2,DSCF0069,19/04/2019,11:41:08,Chukar,2,-,-
R60,WCP2,DSCF0103,20/04/2019,08:00:35,Chukar,2,-,-
R60,WCP2,DSCF0104,20/04/2019,08:20:39,Chukar,1,-,-
R60,WCP2,DSCF0105,20/04/2019,08:40:42,Chukar,3,-,-
R60,WCP2,DSCF0106,20/04/2019,09:00:45,Chukar,10,-,-
R60,WCP2,DSCF0107,20/04/2019,09:20:48,Chukar,2,-,-
R60,WCP2,DSCF0108,20/04/2019,09:40:51,Chukar,2,-,-
R60,WCP2,DSCF0109,20/04/2019,10:00:54,Chukar,4,-,-
R60,WCP2,DSCF0114,20/04/2019,11:41:10,Bird,1,-,-
R60,WCP2,DSCF0117,20/04/2019,12:41:19,Chukar,2,-,-
R60,WCP2,DSCF0120,20/04/2019,13:41:29,Chukar,3,-,-
R60,WCP2,DSCF0124,20/04/2019,15:01:41,Chukar,1,-,-
R60,WCP2,DSCF0126,20/04/2019,15:41:47,Chukar,3,-,-
R60,WCP2,DSCF0128,20/04/2019,16:21:53,Chukar,5,-,-
R60,WCP2,DSCF0134,20/04/2019,18:22:12,Chukar,3,-,-
R60,WCP2,DSCF0135,20/04/2019,18:42:16,Chukar,3,-,-
R60,WCP2,DSCF0154,21/04/2019,10:00:54,Chukar,2,-,-
R60,WCP2,DSCF0155,21/04/2019,10:20:07,Chukar,1,-,-
R60,WCP2,DSCF0156,21/04/2019,10:41:00,Chukar,1,-,-
R60,WCP2,DSCF0253,23/04/2019,13:01:22,Bird,3,-,-
R60,WCP2,DSCF0402,26/04/2019,17:42:06,Bird,1,-,-
R60,WCP2,DSCF0480,28/04/2019,13:41:29,unknown animal,1,-,-
R60,WCP2,DSCF0481,28/04/2019,14:01:32,unknown animal,1,-,-
R60,WCP2,DSCF0482,28/04/2019,14:21:35,unknown animal,1,-,-
R60,WCP2,DSCF0483,28/04/2019,14:41:38,unknown animal,1,-,-
R60,WCP2,DSCF0484,28/04/2019,15:01:41,unknown animal,1,-,-
R60,WCP2,DSCF0489,28/04/2019,16:41:57,Chukar,1,-,-
R60,WCP2,DSCF0491,28/04/2019,17:22:03,Chukar,4,-,-
R60,WCP2,DSCF0753,05/04/2019,14:41:38,Chukar,1,-,-
R60,WCP2,DSCF0779,05/05/2019,08:20:38,Chukar,2,-,-
R60,WCP2,DSCF0823,05/06/2019,08:00:36,Chukar,3,-,-
R60,WCP2,DSCF0842,05/06/2019,14:21:35,unknown animal,1,-,-
R60,WCP2,DSCF0868,05/07/2019,08:00:36,Chukar,2,-,-
R60,WCP2,DSCF0869,05/07/2019,08:20:39,Chukar,2,-,-
R60,WCP2,DSCF0870,05/07/2019,08:40:42,Chukar,2,-,-
R60,WCP2,DSCF0871,05/07/2019,09:00:45,Chukar,2,-,-
R60,WCP2,DSCF0872,05/07/2019,09:20:48,Chukar,2,-,-
R60,WCP2,DSCF0873,05/07/2019,09:40:51,Chukar,2,-,-
R60,WCP2,DSCF1006,05/10/2019,08:40:43,Chukar,5,-,-
R60,WCP2,DSCF1012,05/10/2019,10:41:02,Chukar,2,-,-
R60,WCP2,DSCF1013,05/10/2019,11:01:05,Chukar,1,-,-
R60,WCP2,DSCF1093,05/12/2019,07:40:34,Chukar,1,-,-
R60,WCP2,DSCF1094,05/12/2019,08:00:37,Chukar,10,-,-
R60,WCP2,DSCF1095,05/12/2019,08:20:40,Chukar,2,-,-
R60,WCP2,DSCF1096,05/12/2019,08:40:43,Chukar,5,-,-
R60,WCP2,DSCF1097,05/12/2019,09:00:46,Chukar,3,-,-
R60,WCP2,DSCF1113,05/12/2019,14:21:36,unknown animal,1,-,-
R60,WCP2,DSCF1114,05/12/2019,14:41:39,unknown animal,1,-,-
R60,WCP2,DSCF1128,05/12/2019,19:22:23,Bird,1,-,-
R60,WCP2,DSCF1129,05/12/2019,19:42:26,Bird,1,-,-
R60,WCP2,DSCF1135,13/05/2019,06:40:23,Chukar,1,-,-
R60,WCP2,DSCF1136,13/05/2019,07:00,Chukar,3,-,-
R60,WCP2,DSCF1137,13/05/2019,07:20:29,Chukar,5,-,-
R60,WCP2,DSCF1138,13/05/2019,07:40,Chukar,5,-,-
R60,WCP2,DSCF1139,13/05/2019,08:00:35,Chukar,2,-,-
R60,WCP2,DSCF1141,13/05/2019,08:40:41,Chukar,1,-,-
R60,WCP2,DSCF1142,13/05/2019,09:00:45,Chukar,2,-,-
R60,WCP2,DSCF1143,13/05/2019,09:20:48,Chukar,2,-,-
R60,WCP2,DSCF1144,13/05/2019,09:40:51,Chukar,1,-,-
R60,WCP2,DSCF1149,13/05/2019,11:21:06,Chukar,1,-,-
R60,WCP2,DSCF1151,13/05/2019,12:01:13,Chukar,1,-,-
R60,WCP2,DSCF1152,13/05/2019,12:21:16,Chukar,1,-,-
R60,WCP2,DSCF1153,13/05/2019,12:41:19,Chukar,1,-,-
R60,WCP2,DSCF1154,13/05/2019,13:01:22,Chukar,1,-,-
R60,WCP2,DSCF1166,13/05/2019,17:02:00,Chukar,2,-,-
R60,WCP2,DSCF1167,13/05/2019,17:22:03,Chukar,2,-,-
R60,WCP2,DSCF1168,13/05/2019,17:42:06,Chukar,2,-,-
R60,WCP2,DSCF1171,13/05/2019,18:42:16,Chukar,2,-,-
R60,WCP2,DSCF1172,13/05/2019,19:02:19,Chukar,2,-,-
R60,WCP2,DSCF1173,13/05/2019,19:22:22,Chukar,2,-,-
R60,WCP2,DSCF1174,13/05/2019,19:42:26,Chukar,2,-,-
R60,WCP2,DSCF1183,14/05/2019,07:40:32,Chukar,4,-,-
R60,WCP2,DSCF1184,14/05/2019,08:00:35,Chukar,1,-,-
R60,WCP2,DSCF1187,14/05/2019,09:00:45,Chukar,1,-,-
R60,WCP2,DSCF1191,14/05/2019,10:20:57,Chukar,2,-,-
R60,WCP2,DSCF1192,14/05/2019,10:41:00,Chukar,2,-,-
R60,WCP2,DSCF1263,15/05/2019,19:22:22,Chukar,1,-,-
R60,WCP2,DSCF1264,15/05/2019,19:42:25,Chukar,1,-,-
R60,WCP2,DSCF1307,16/05/2019,19:02:18,Chukar,1,-,-
R60,WCP2,DSCF1336,17/05/2019,13:41:28,Chukar,2,-,-
R60,WCP2,DSCF1338,17/05/2019,14:21:34,Chukar,1,-,-
R60,WCP2,DSCF1340,17/05/2019,15:01:41,unknown animal,1,-,-
R60,WCP2,DSCF1341,17/05/2019,15:21:44,unknown animal,1,-,-
R60,WCP2,DSCF1366,18/05/2019,08:40:43,Chukar,2,-,-
R60,WCP2,DSCF1369,18/05/2019,09:40:52,Chukar,2,-,-
R60,WCP2,DSCF1377,18/05/2019,12:21,Chukar,2,-,-
R60,WCP2,DSCF1378,18/05/2019,12:41:20,Chukar,3,-,-
R60,WCP2,DSCF1380,18/05/2019,13:21:26,Chukar,4,-,-
R60,WCP2,DSCF1388,18/05/2019,16:01:52,unknown animal,4,-,-
R60,WCP2,DSCF1389,18/05/2019,16:21:55,unknown animal,2,-,-
R60,WCP2,DSCF1408,19/05/2019,07:40:33,Chukar,1,-,-
R60,WCP2,DSCF1409,19/05/2019,08:00:36,Chukar,2,-,-
R60,WCP2,DSCF1413,19/05/2019,09:20:49,Chukar,2,-,-
R60,WCP2,DSCF1414,19/05/2019,09:40:51,Chukar,1,-,-
R60,WCP2,DSCF1415,19/05/2019,10:00:53,Chukar,2,-,-
R60,WCP2,DSCF1416,19/05/2019,10:20:55,Chukar,4,-,-
R60,WCP2,DSCF1417,19/05/2019,10:40:57,Chukar,1,-,-
R60,WCP2,DSCF1418,19/05/2019,11:00:59,Chukar,3,-,-
R60,WCP2,DSCF1431,19/05/2019,15:21:45,Chukar,3,-,-
R60,WCP2,DSCF1432,19/05/2019,15:41:48,Chukar,1,-,-
R60,WCP2,DSCF1433,19/05/2019,16:01:51,Chukar,1,-,-
R60,WCP2,DSCF1452,20/05/2019,07:20,Chukar,4,-,-
R60,WCP2,DSCF1469,20/05/2019,13:01:22,Chukar,1,-,-
R60,WCP2,DSCF1475,20/05/2019,15:01:41,Chukar,1,-,-
R60,WCP2,DSCF1560,20/05/2019,13:21:24,Chukar,2,-,-
R60,WCP2,DSCF1618,23/05/2019,17:42:06,Chukar,21,-,-
R60,WCP2,DSCF1619,23/05/2019,18:02:09,Chukar,16,-,-
R60,WCP2,DSCF1620,23/05/2019,18:22:12,Chukar,25,-,-
R60,WCP2,DSCF1621,23/05/2019,18:42:15,Chukar,25,-,-
R60,WCP2,DSCF1657,24/05/2019,15:41:47,Chukar,35,-,-
R60,WCP2,DSCF1658,24/05/2019,16:01:50,Chukar,25,-,-
R60,WCP2,DSCF1659,24/05/2019,16:21:53,Chukar,25,-,-
R60,WCP2,DSCF1660,24/05/2019,16:41:56,Chukar,25,-,-
R60,WCP2,DSCF1661,24/05/2019,17:01:59,Chukar,25,-,-
R60,WCP2,DSCF1662,24/05/2019,17:22:02,Chukar,25,-,-
R60,WCP2,DSCF1663,24/05/2019,17:42:05,Chukar,25,-,-
R60,WCP2,DSCF1664,24/05/2019,18:02:08,Chukar,25,-,-
R60,WCP2,DSCF1665,24/05/2019,18:22:11,Chukar,25,-,-
R60,WCP2,DSCF1666,24/05/2019,18:42:14,Chukar,25,-,-
R60,WCP2,DSCF1699,25/05/2019,14:41:39,Chukar,100,-,-
R60,WCP2,DSCF1700,25/05/2019,15:01:42,Chukar,100,-,-
R60,WCP2,DSCF1701,25/05/2019,15:21:45,Chukar,100,-,-
R60,WCP2,DSCF1702,25/05/2019,15:41:48,Chukar,100,-,-
R60,WCP2,DSCF1703,25/05/2019,16:01:51,Chukar,100,-,-
R60,WCP2,DSCF1711,25/05/2019,18:42:17,Chukar,300,-,-
R60,WCP2,DSCF1729,26/05/2019,09:40:51,Chukar,100,-,-
R60,WCP2,DSCF1736,26/05/2019,12:01:13,Chukar,1,-,-
R60,WCP2,DSCF1773,27/05/2019,09:20:48,Chukar,1,-,-
R60,WCP2,DSCF1774,27/05/2019,09:40:50,Chukar,1,-,-
R60,WCP2,DSCF1777,27/05/2019,10:41:00,Chukar,1,-,-
R60,WCP2,DSCF1780,27/05/2019,11:41:09,Chukar,1,-,-
R60,WCP2,DSCF1786,27/05/2019,13:41,unknown animal,1,-,-
R60,WCP2,DSCF1838,28/05/2019,16:01:50,Chukar,2,-,-
R60,WCP2,DSCF1840,28/05/2019,16:41:56,Chukar,2,-,-
R60,WCP2,DSCF1889,29/05/2019,18:02:08,Chukar,10,-,-
R60,WCP2,DSCF1890,29/05/2019,18:22:12,Chukar,200,-,-
R60,WCP2,DSCF1904,30/05/2019,08:00:35,Chukar,10,-,-
R60,WCP2,DSCF1933,30/05/2019,17:42:05,Chukar,20,-,-
R60,WCP2,DSCF1934,30/05/2019,18:02:08,Chukar,25,-,-
R60,WCP2,DSCF1935,30/05/2019,18:22,Chukar,30,-,-
R60,WCP2,DSCF1959,31/05/2019,11:21:06,Chukar,500,-,-
R60,WCP2,DSCF1960,31/05/2019,11:41:09,Bird,2,-,-
R60,WCP2,DSCF1961,31/05/2019,12:01:12,Bird,2,-,-
R60,WCP2,DSCF1964,31/05/2019,13:01:21,Chukar,25,-,-
R60,WCP2,DSCF1965,31/05/2019,13:21:25,Chukar,25,-,-
R60,WCP2,DSCF1966,31/05/2019,13:41:28,Chukar,20,-,-
R60,WCP2,DSCF1969,31/05/2019,14:41:37,Chukar,1,-,-
R60,WCP2,DSCF1970,31/05/2019,15:01:40,Chukar,10,-,-
R60,WCP2,DSCF1971,31/05/2019,15:21:43,Chukar,10,-,-
R60,WCP2,DSCF1972,31/05/2019,15:41:46,Chukar,3,-,-
R60,WCP2,DSCF1973,31/05/2019,16:01:49,Chukar,3,-,-
R60,WCP2,DSCF2063,06/02/2019,15:41:48,Chukar,1,-,-
R60,WCP2,DSCF2067,06/02/2019,17:02:00,Chukar,2,-,-
R60,WCP2,DSCF2072,06/02/2019,18:42:15,Chukar,2,-,-
R60,WCP2,DSCF2095,06/03/2019,11:21:07,Corvus corax,1,-,-
R60,WCP2,DSCF2148,06/04/2019,14:01:31,Chukar,2,-,-
R60,WCP2,DSCF2149,06/04/2019,14:21:34,Chukar,1,-,-
R60,WCP2,DSCF2150,06/04/2019,14:41:37,Chukar,1,-,-
R60,WCP2,DSCF2151,06/04/2019,15:01:40,Chukar,2,-,-
R60,WCP2,DSCF2156,06/04/2019,16:41:56,Chukar,4,-,-
R60,WCP2,DSCF2157,06/04/2019,17:01:59,Chukar,4,-,-
R60,WCP2,DSCF2159,06/04/2019,17:42:05,Chukar,5,-,-
R60,WCP2,DSCF2160,06/04/2019,18:02:09,Chukar,4,-,-
R60,WCP2,DSCF2161,06/04/2019,17:01:59,Chukar,2,-,-
R60,WCP2,DSCF2162,06/04/2019,17:42:05,Chukar,2,-,-
R60,WCP2,DSCF2163,06/04/2019,18:02:09,Chukar,8,-,-
R60,WCP2,DSCF2164,06/04/2019,17:01:59,Chukar,10,-,-
R60,WCP2,DSCF2165,06/04/2019,17:42:05,Chukar,15,-,-
R60,WCP2,DSCF2205,06/05/2019,18:02:09,Chukar,8,-,-
R60,WCP2,DSCF2234,06/06/2019,12:41:20,Chukar,1,-,-
R60,WCP2,DSCF2236,06/06/2019,13:21:26,Chukar,3,-,-
R60,WCP2,DSCF2237,06/06/2019,13:41:29,Chukar,6,-,-
R60,WCP2,DSCF2243,06/06/2019,15:41:48,Chukar,2,-,-
R60,WCP2,DSCF2244,06/06/2019,16:01:52,Chukar,2,-,-
R60,WCP2,DSCF2245,06/06/2019,16:21:56,Chukar,1,-,-
R60,WCP2,DSCF2248,06/06/2019,17:22:08,Chukar,2,-,-
R60,WCP2,DSCF2249,06/06/2019,17:42:12,Chukar,1,-,-
R60,WCP2,DSCF2250,06/06/2019,18:02:16,Chukar,2,-,-
R60,WCP2,DSCF2251,06/06/2019,18:22:20,Chukar,3,-,-
R60,WCP2,DSCF2252,06/06/2019,18:42:24,Chukar,10,-,-
R60,WCP2,DSCF2253,06/06/2019,19:02:28,Chukar,10,-,-
R60,WCP2,DSCF2254,06/06/2019,19:22:32,Chukar,5,-,-
R60,WCP2,DSCF2276,06/07/2019,11:41:11,Chukar,1,-,-
R60,WCP2,DSCF2277,06/07/2019,12:01:14,Chukar,5,-,-
R60,WCP2,DSCF2278,06/07/2019,12:21:17,Chukar,5,-,-
R60,WCP2,DSCF2279,06/07/2019,12:41:20,Chukar,10,-,-
R60,WCP2,DSCF2293,06/07/2019,17:22:03,Chukar,100,-,-
R60,WCP2,DSCF2294,06/07/2019,17:42:06,Chukar,100,-,-
R60,WCP2,DSCF2295,06/07/2019,18:02:09,Chukar,100,-,-
R60,WCP2,DSCF2296,06/07/2019,18:22:12,Chukar,100,-,-
R60,WCP2,DSCF2297,06/07/2019,18:42:15,Chukar,100,-,-
R60,WCP2,DSCF2298,06/07/2019,19:02:18,Chukar,20,-,-
R60,WCP2,DSCF2312,06/08/2019,08:40:41,Bird,100,-,-
R60,WCP2,DSCF2364,06/09/2019,11:01:03,Chukar,2,-,-
R60,WCP2,DSCF2365,06/09/2019,11:21:06,Chukar,2,-,-
R60,WCP2,DSCF2366,06/09/2019,11:41:10,Chukar,3,-,-
R60,WCP2,DSCF2520,06/12/2019,18:02:08,Chukar,10,-,-
R60,WCP2,DSCF2521,06/12/2019,18:22:11,Chukar,10,-,-
R60,WCP2,DSCF2522,06/12/2019,18:42:15,Chukar,10,-,-
R60,WCP2,DSCF2523,06/12/2019,19:02:18,Chukar,10,-,-
R60,WCP2,DSCF2524,06/12/2019,19:22:21,Chukar,10,-,-
R60,WCP2,DSCF2525,06/12/2019,19:42:24,Chukar,10,-,-
R60,WCP2,DSCF2972,22/06/2019,18:42,Chukar,1,-,-
R60,WCP2,DSCF2973,22/06/2019,19:02,Chukar,1,-,-
R60,WCP2,DSCF2974,22/06/2019,19:22:21,Chukar,1,-,-
R60,WCP2,DSCF3006,23/06/2019,14:41:38,unknown animal,1,-,-
R60,WCP2,DSCF3422,07/02/2019,18:22:13,Chukar,2,-,-
R60,WCP2,DSCF3423,07/02/2019,18:42:16,Chukar,2,-,-
R60,WCP2,DSCF5227,08/11/2019,19:22:20,Chukar,15,-,-
R60,WCP2,DSCF5228,08/11/2019,19:42:23,Chukar,4,-,-
R60,WCP2,DSCF5364,01/01/2016,12:00:01,-,-,-,-
R60,WCP2,DSCF5601,22/04/2019,16:01:48,Chukar,25,-,-
R60,WCP2,DSCF6503,05/12/2019,16:21:50,Chukar,10,-,-
R60,WCP2,DSCF6504,05/12/2019,16:41:53,Chukar,8,-,-
R60,WCP2,DSCF6505,05/12/2019,17:01:56,Chukar,5,-,-
R60,WCP2,DSCF6640,15/05/2019,17:01:57,Chukar,10,-,-
R60,WCP2,DSCF6953,22/05/2019,16:21:51,Chukar,4,-,-
R60,WCP2,DSCF6955,22/05/2019,17:01:58,Bird,6,-,-
R61,ZL32,PTDC0001,18/04/2019,10:08:22,Human,1,1M,1A
R62,WCP4,DSCF0001,18/04/2019,12:36:44,Human,1,1M,1A
R62,WCP4,DSCF0002,18/04/2019,12:36:52,Human,1,1M,1A
R63,WCP8,DSCF0001,13/04/2019,14:17:07,Human,1,1M,1A
R63,WCP8,DSCF0002,13/04/2019,14:17:19,Human,1,1M,1A
R63,WCP8,DSCF2509,06/08/2019,08:40:41,Camelus bactrianus,1,-,1A
R63,WCP8,DSCF2551,06/09/2019,07:40:33,Camelus bactrianus,2,-,2A
R63,WCP8,DSCF2849,15/06/2019,17:01:58,unknown animal,1,-,-
R63,WCP8,DSCF3909,07/09/2019,10:00:54,unknown animal,1,-,-
R63,WCP8,DSCF3957,07/10/2019,11:01:03,unknown animal,1,-,-
R63,WCP8,DSCF4368,19/07/2019,12:41:17,unknown animal,1,-,-
R63,WCP8,DSCF5381,01/01/2016,12:00:01,-,-,-,-
R64,ZL88,PTDC0001,13/04/2019,11:56:16,Human,1,1F,1A
R64,ZL88,PTDC3185,21/06/2019,15:40:00,unknown animal,1,-,-
R66,ZS48,PTDC0001,04/12/2019,15:53:00,Human,2,-,-
R66,ZS48,PTDC0404,21/04/2019,12:20:00,Bird,1,-,-
R66,ZS48,PTDC6723,09/05/2019,18:00:00,Gazella subgutturosa,1,1F,1Y
R66,ZS48,PTDC7222,16/09/2019,15:40:00,Gazella subgutturosa,1,1F,1Y
R66,ZS48,PTDC7408,20/09/2019,16:20:00,unknown animal,1,-,-
R67,WC06,DSCF0001,04/12/2019,17:40:01,Human,2,1M,1A
R67,WC06,DSCF0785,30/04/2019,09:00:44,Camelus bactrianus,5,-,-
R67,WC06,DSCF0874,05/02/2019,08:40:41,Camelus bactrianus,9,-,-
R67,WC06,DSCF0875,05/02/2019,09:00:44,Camelus bactrianus,8,-,-
R67,WC06,DSCF0876,05/02/2019,09:20:47,Camelus bactrianus,4,-,-
R67,WC06,DSCF1003,05/05/2019,06:20,Camelus bactrianus,2,-,-
R67,WC06,DSCF1004,05/05/2019,06:40:24,Camelus bactrianus,4,-,-
R67,WC06,DSCF1005,05/05/2019,07:00,Camelus bactrianus,3,-,-
R67,WC06,DSCF1054,05/06/2019,08:20:40,Camelus bactrianus,8,-,-
R67,WC06,DSCF1055,05/06/2019,08:40:43,Camelus bactrianus,7,-,-
R67,WC06,DSCF1056,05/06/2019,09:00:46,Camelus bactrianus,5,-,-
R67,WC06,DSCF1057,05/06/2019,09:20:49,Camelus bactrianus,5,-,-
R67,WC06,DSCF1058,05/06/2019,09:40:52,Camelus bactrianus,5,-,-
R67,WC06,DSCF1059,05/06/2019,10:00:55,Camelus bactrianus,1,-,-
R67,WC06,DSCF1081,05/06/2019,17:22:03,Camelus bactrianus,5,-,-
R67,WC06,DSCF1082,05/06/2019,17:42:06,Camelus bactrianus,4,-,-
R67,WC06,DSCF1084,05/06/2019,18:22:12,Camelus bactrianus,1,-,-
R67,WC06,DSCF1085,05/06/2019,18:42:15,Camelus bactrianus,4,-,-
R67,WC06,DSCF1086,05/06/2019,19:02:18,Camelus bactrianus,4,-,-
R67,WC06,DSCF1087,05/06/2019,19:22:21,unknown animal,3,-,-
R67,WC06,DSCF1092,05/07/2019,06:00:18,Camelus bactrianus,3,-,-
R67,WC06,DSCF1093,05/07/2019,06:20:21,Camelus bactrianus,3,-,-
R67,WC06,DSCF1097,05/07/2019,07:40:32,unknown animal,2,-,-
R67,WC06,DSCF1111,05/07/2019,12:21:14,unknown animal,4,-,-
R67,WC06,DSCF1145,05/08/2019,08:40:41,Camelus bactrianus,2,-,-
R67,WC06,DSCF1153,05/08/2019,11:21:06,unknown animal,4,-,-
R67,WC06,DSCF1154,05/08/2019,11:41:09,unknown animal,4,-,-
R67,WC06,DSCF1155,05/08/2019,12:01:12,unknown animal,4,-,-
R67,WC06,DSCF1156,05/08/2019,12:21:15,unknown animal,4,-,-
R67,WC06,DSCF1157,05/08/2019,12:41:18,unknown animal,4,-,-
R67,WC06,DSCF1158,05/08/2019,13:01:21,unknown animal,4,-,-
R67,WC06,DSCF1159,05/08/2019,13:21:24,unknown animal,4,-,-
R67,WC06,DSCF1160,05/08/2019,13:41:27,unknown animal,4,-,-
R67,WC06,DSCF1161,05/08/2019,14:01:30,unknown animal,4,-,-
R67,WC06,DSCF1162,05/08/2019,14:21:33,unknown animal,4,-,-
R67,WC06,DSCF1163,05/08/2019,14:41:36,unknown animal,4,-,-
R67,WC06,DSCF1196,05/09/2019,10:41:01,Camelus bactrianus,2,-,-
R67,WC06,DSCF1197,05/09/2019,11:01:04,Camelus bactrianus,2,-,-
R67,WC06,DSCF1201,05/09/2019,12:21:16,unknown animal,1,-,-
R67,WC06,DSCF1202,05/09/2019,12:41:19,Camelus bactrianus,2,-,-
R67,WC06,DSCF1203,05/09/2019,13:01:23,Camelus bactrianus,1,-,-
R67,WC06,DSCF1212,05/09/2019,16:01:50,Camelus bactrianus,3,-,3A
R67,WC06,DSCF1213,05/09/2019,16:21:53,Camelus bactrianus,3,-,3A
R67,WC06,DSCF1214,05/09/2019,16:41:56,-,-,-,-
R67,WC06,DSCF5368,01/01/2016,12:00:01,-,-,-,-
R69,ZL30,PTDC0001,18/04/2019,15:18,Human,3,2M/1F,3A
R69,ZL30,PTDC0185,22/04/2019,15:20:00,unknown animal,5,-,-
R69,ZL30,PTDC0504,29/04/2019,14:20:00,unknown animal,2,-,-
R69,ZL30,PTDC0539,30/04/2019,10:40,Gazella subgutturosa,4,-,-
R69,ZL30,PTDC0631,05/02/2019,10:40:00,Bird,8,-,-
R69,ZL30,PTDC0722,05/04/2019,10:20:00,Chukar,25,-,-
R69,ZL30,PTDC0723,05/04/2019,10:40:00,Chukar,20,-,-
R69,ZL30,PTDC0724,05/04/2019,11:00:00,Chukar,20,-,-
R69,ZL30,PTDC0725,05/04/2019,11:20:00,Chukar,15,-,-
R69,ZL30,PTDC0726,05/04/2019,11:40:00,Chukar,15,-,-
R69,ZL30,PTDC0727,05/04/2019,12:00:00,Chukar,10,-,-
R69,ZL30,PTDC0728,05/04/2019,12:20:00,Chukar,10,-,-
R69,ZL30,PTDC0729,05/04/2019,12:40:00,Chukar,5,-,-
R69,ZL30,PTDC0730,05/04/2019,13:00:00,Chukar,25,-,-
R69,ZL30,PTDC0731,05/04/2019,13:20:00,Chukar,25,-,-
R69,ZL30,PTDC0732,05/04/2019,13:40:00,Chukar,20,-,-
R69,ZL30,PTDC0733,05/04/2019,14:00:00,Chukar,20,-,-
R69,ZL30,PTDC0734,05/04/2019,14:20:00,Chukar,15,-,-
R69,ZL30,PTDC0735,05/04/2019,14:40:00,Chukar,15,-,-
R69,ZL30,PTDC0736,05/04/2019,15:00:00,Chukar,15,-,-
R69,ZL30,PTDC0737,05/04/2019,15:20:00,Chukar,10,-,-
R69,ZL30,PTDC0738,05/04/2019,15:40:00,Chukar,10,-,-
R69,ZL30,PTDC0782,05/05/2019,15:00:00,Chukar,5,-,-
R69,ZL30,PTDC0783,05/05/2019,15:20:00,Chukar,5,-,-
R69,ZL30,PTDC0784,05/05/2019,15:40:00,Chukar,5,-,-
R69,ZL30,PTDC1235,15/05/2019,12:40:00,Chukar,1,-,-
R69,ZL30,PTDC1236,15/05/2019,13:00:00,Chukar,1,-,-
R69,ZL30,PTDC1237,15/05/2019,13:20:00,Chukar,12,-,-
R69,ZL30,PTDC1238,15/05/2019,13:40:00,Chukar,10,-,-
R69,ZL30,PTDC1239,15/05/2019,14:00:00,Chukar,15,-,-
R69,ZL30,PTDC1240,15/05/2019,14:20:00,Chukar,10,-,-
R69,ZL30,PTDC1290,16/05/2019,15:40:00,Bird,15,-,-
R69,ZL30,PTDC1413,19/05/2019,10:40:00,Chukar,10,-,-
R69,ZL30,PTDC1414,19/05/2019,11:00:00,Chukar,5,-,-
R69,ZL30,PTDC1415,19/05/2019,11:20:00,Chukar,2,-,-
R69,ZL30,PTDC1416,19/05/2019,11:40:00,Chukar,2,-,-
R69,ZL30,PTDC1417,19/05/2019,12:00:00,Chukar,2,-,-
R69,ZL30,PTDC1418,19/05/2019,12:20:00,Chukar,5,-,-
R69,ZL30,PTDC1419,19/05/2019,12:40:00,Chukar,15,-,-
R69,ZL30,PTDC1420,19/05/2019,13:00:00,Chukar,15,-,-
R69,ZL30,PTDC1421,19/05/2019,13:20:00,Chukar,10,-,-
R69,ZL30,PTDC1422,19/05/2019,13:40:00,Chukar,3,-,-
R69,ZL30,PTDC1455,20/05/2019,09:20:00,Chukar,3,-,-
R69,ZL30,PTDC1459,20/05/2019,10:40:00,Chukar,3,-,-
R69,ZL30,PTDC1460,20/05/2019,11:00:00,Chukar,3,-,-
R69,ZL30,PTDC1461,20/05/2019,11:20:00,Chukar,3,-,-
R69,ZL30,PTDC1465,20/05/2019,12:40:00,Chukar,1,-,-
R69,ZL30,PTDC1466,20/05/2019,13:00:00,Chukar,2,-,-
R69,ZL30,PTDC1467,20/05/2019,13:20:00,Chukar,5,-,-
R69,ZL30,PTDC1468,20/05/2019,13:40:00,Chukar,3,-,-
R69,ZL30,PTDC1469,20/05/2019,14:00:00,Chukar,3,-,-
R69,ZL30,PTDC1470,20/05/2019,14:20:00,Chukar,5,-,-
R69,ZL30,PTDC1471,20/05/2019,14:40:00,Chukar,5,-,-
R69,ZL30,PTDC1472,20/05/2019,15:00:00,Chukar,4,-,-
R69,ZL30,PTDC1473,20/05/2019,15:20:00,Chukar,3,-,-
R69,ZL30,PTDC1474,20/05/2019,15:40:00,Chukar,3,-,-
R69,ZL30,PTDC1475,20/05/2019,16:00:00,Chukar,3,-,-
R69,ZL30,PTDC1476,20/05/2019,16:20:00,Chukar,3,-,-
R69,ZL30,PTDC1497,21/05/2019,08:00:00,Chukar,1,-,-
R69,ZL30,PTDC1498,21/05/2019,08:20:00,Chukar,3,-,-
R69,ZL30,PTDC1499,21/05/2019,08:40:00,Chukar,1,-,-
R69,ZL30,PTDC1500,21/05/2019,09:00:00,Bird,15,-,-
R69,ZL30,PTDC1501,21/05/2019,09:20:00,Chukar,2,-,-
R69,ZL30,PTDC1503,21/05/2019,10:00:00,Chukar,1,-,-
R69,ZL30,PTDC1504,21/05/2019,10:20:00,Chukar,3,-,-
R69,ZL30,PTDC1507,21/05/2019,11:20:00,Chukar,15,-,-
R69,ZL30,PTDC1520,21/05/2019,15:40:00,Chukar,10,-,-
R69,ZL30,PTDC1521,21/05/2019,16:00:00,Chukar,2,-,-
R69,ZL30,PTDC1525,21/05/2019,17:20:00,Chukar,2,-,-
R69,ZL30,PTDC1545,22/05/2019,08:40:00,Bird,30,-,-
R69,ZL30,PTDC1549,22/05/2019,10:00:00,Chukar,10,-,-
R69,ZL30,PTDC1550,22/05/2019,10:20:00,Chukar,10,-,-
R69,ZL30,PTDC1551,22/05/2019,10:40:00,Chukar,4,-,-
R69,ZL30,PTDC1572,22/05/2019,17:40:00,Chukar,2,-,-
R69,ZL30,PTDC1573,22/05/2019,18:00:00,Chukar,2,-,-
R69,ZL30,PTDC1610,23/05/2019,15:00:00,Chukar,3,-,-
R69,ZL30,PTDC1611,23/05/2019,15:20:00,Chukar,2,-,-
R69,ZL30,PTDC1612,23/05/2019,15:40:00,Chukar,2,-,-
R69,ZL30,PTDC1613,23/05/2019,16:00:00,Chukar,2,-,-
R69,ZL30,PTDC1614,23/05/2019,16:20:00,Chukar,1,-,-
R69,ZL30,PTDC1615,23/05/2019,16:40:00,Chukar,2,-,-
R69,ZL30,PTDC1616,23/05/2019,17:00:00,Chukar,5,-,-
R69,ZL30,PTDC1617,23/05/2019,17:20:00,Chukar,3,-,-
R69,ZL30,PTDC1801,27/05/2019,17:20:00,Chukar,2,-,-
R69,ZL30,PTDC1825,28/05/2019,10:00:00,Gazella subgutturosa,5,-,-
R69,ZL30,PTDC1826,28/05/2019,10:20:00,Gazella subgutturosa,6,-,-
R69,ZL30,PTDC1827,28/05/2019,10:40:00,Gazella subgutturosa,6,-,-
R69,ZL30,PTDC1828,28/05/2019,11:00:00,Gazella subgutturosa,7,-,-
R69,ZL30,PTDC1846,28/05/2019,17:00:00,Chukar,2,-,-
R69,ZL30,PTDC1847,28/05/2019,17:20:00,Chukar,2,-,-
R69,ZL30,PTDC1848,28/05/2019,17:40:00,Chukar,2,-,-
R69,ZL30,PTDC1849,28/05/2019,18:00:00,Chukar,2,-,-
R69,ZL30,PTDC1850,28/05/2019,18:20:00,Chukar,2,-,-
R69,ZL30,PTDC1851,28/05/2019,18:40:00,Chukar,4,-,-
R69,ZL30,PTDC1852,28/05/2019,19:00:00,Chukar,6,-,-
R69,ZL30,PTDC1871,29/05/2019,10:00:00,Chukar,2,-,-
R69,ZL30,PTDC1952,31/05/2019,06:20:00,Gazella subgutturosa,1,-,-
R69,ZL30,PTDC2078,06/02/2019,17:40:00,Chukar,2,-,-
R69,ZL30,PTDC3868,07/11/2019,16:00:00,Gazella subgutturosa,2,-,-
R69,ZL30,PTDC4507,25/07/2019,14:20:00,unknown animal,2,-,-
R69,ZL30,PTDC4853,08/02/2019,07:00:00,Bird,1,-,-
R69,ZL30,PTDC5689,20/08/2019,09:40:00,Camelus bactrianus,2,-,-
R69,ZL30,PTDC5776,22/08/2019,08:00:00,Gazella subgutturosa,4,-,4A
R69,ZL30,PTDC6048,28/08/2019,06:40:00,Camelus bactrianus,6,-,-
R69,ZL30,PTDC6103,29/08/2019,09:40:00,Gazella subgutturosa,1,1F,1Y
R70,W3,DSCF0001,18/04/2019,19:31:59,Human,1,1M,1A
R70,W3,DSCF0482,29/04/2019,14:21:37,Bird,1,-,-
R70,W3,DSCF0591,05/02/2019,05:40:15,unknown animal,1,-,-
R70,W3,DSCF1821,29/05/2019,10:20:57,Bird,1,-,-
R70,W3,DSCF1830,29/05/2019,13:21:26,SmallBird,1,-,-
R70,W3,DSCF3607,07/08/2019,05:00:09,unknown animal,1,-,-
R70,W3,DSCF4408,25/07/2019,16:41:57,unknown animal,1,-,-
R70,W3,DSCF4410,25/07/2019,17:22:03,unknown animal,1,-,-
R70,W3,DSCF4411,25/07/2019,17:42:06,unknown animal,1,-,-
R70,W3,DSCF4412,25/07/2019,18:02:09,unknown animal,1,-,-
R70,W3,DSCF4413,25/07/2019,18:22:12,unknown animal,1,-,-
R70,W3,DSCF4414,25/07/2019,18:42:15,unknown animal,1,-,-
R70,W3,DSCF4415,25/07/2019,19:02:18,unknown animal,1,-,-
R70,W3,DSCF4416,25/07/2019,19:22:21,unknown animal,1,-,-
R70,W3,DSCF4417,25/07/2019,19:42:24,unknown animal,1,-,-
R70,W3,DSCF5364,01/01/2016,12:00:01,-,-,-,-
R71,W3,PTDC0001,01/01/2017,00:05:52,Human,1,1F,1A
R71,W3,PTDC0010,03/08/2017,07:29:23,Gazella subgutturosa,1,-,-
R71,W3,PTDC0016,26/04/2017,23:01:30,Bird,1,-,-
R71,W3,PTDC0020,05/06/2017,15:51:07,Bird,1,-,-
R71,W3,PTDC0021,05/07/2017,14:40:06,Bird,1,-,-
R71,W3,PTDC0023,05/07/2017,14:40:35,Bird,1,-,-
R71,W3,PTDC0026,05/07/2017,14:43:33,Bird,1,-,-
R71,W3,PTDC0027,05/07/2017,22:30:55,Bird,1,-,-
R71,W3,PTDC0034,22/06/2017,16:04:36,Bird,1,-,-
R71,W3,PTDC0035,07/10/2019,16:30:05,Human,1,-,-
R72,ZL98,PTDC0001,13/04/2019,08:48:25,Human,1,1M,1A
R73,ZS50,PTDC0098,20/04/2019,12:20:00,Bird,1,-,-
R74,ZS83,PTDC2974,16/06/2019,08:00:00,Camelus bactrianus,1,-,-
R74,ZS83,PTDC3116,19/06/2019,09:20:00,Camelus bactrianus,2,-,-
R74,ZS83,PTDC3117,19/06/2019,09:40:00,Camelus bactrianus,3,-,-
R74,ZS83,PTDC3118,19/06/2019,10:00:00,-,-,-,-
R75,ZSL51,PTDC0731,28/04/2019,09:40:00,Camelus bactrianus,1,-,-
R75,ZSL51,PTDC0779,29/04/2019,10:20:00,Camelus bactrianus,1,-,-
R75,ZSL51,PTDC0780,29/04/2019,10:40:00,Camelus bactrianus,1,-,-
R75,ZSL51,PTDC0781,29/04/2019,11:00:00,Camelus bactrianus,1,-,-
R75,ZSL51,PTDC0782,29/04/2019,11:20:00,Camelus bactrianus,1,-,-
R75,ZSL51,PTDC0783,29/04/2019,11:40:00,Camelus bactrianus,1,-,-
R75,ZSL51,PTDC0784,29/04/2019,12:00:00,Camelus bactrianus,1,-,-
R75,ZSL51,PTDC0785,29/04/2019,12:20:00,Camelus bactrianus,1,-,-
R75,ZSL51,PTDC0786,29/04/2019,12:40:00,Camelus bactrianus,2,-,-
R75,ZSL51,PTDC0787,29/04/2019,13:00:00,Camelus bactrianus,1,-,-
R75,ZSL51,PTDC0788,29/04/2019,13:20:00,Camelus bactrianus,1,-,-
R75,ZSL51,PTDC0789,29/04/2019,13:40:00,Camelus bactrianus,1,-,-
R75,ZSL51,PTDC0790,29/04/2019,14:00:00,Camelus bactrianus,1,-,-
R75,ZSL51,PTDC0791,29/04/2019,14:20:00,Camelus bactrianus,1,-,-
R75,ZSL51,PTDC0792,29/04/2019,14:40:00,Camelus bactrianus,1,-,-
R75,ZSL51,PTDC0793,29/04/2019,15:00:00,Camelus bactrianus,1,-,-
R75,ZSL51,PTDC0794,29/04/2019,15:20:00,Camelus bactrianus,1,-,-
R75,ZSL51,PTDC0795,29/04/2019,15:40:00,Camelus bactrianus,1,-,-
R75,ZSL51,PTDC0796,29/04/2019,16:00:00,Camelus bactrianus,1,-,-
R75,ZSL51,PTDC0797,29/04/2019,16:20:00,Camelus bactrianus,1,-,-
R75,ZSL51,PTDC0798,29/04/2019,16:40:00,Camelus bactrianus,1,-,-
R75,ZSL51,PTDC0799,29/04/2019,17:00:00,Camelus bactrianus,1,-,-
R75,ZSL51,PTDC0800,29/04/2019,17:20:00,Camelus bactrianus,1,-,-
R75,ZSL51,PTDC0801,29/04/2019,17:40:00,Camelus bactrianus,1,-,-
R75,ZSL51,PTDC0802,29/04/2019,18:00:00,Camelus bactrianus,1,-,-
R75,ZSL51,PTDC0803,29/04/2019,18:20:00,Camelus bactrianus,1,-,-
R75,ZSL51,PTDC0804,29/04/2019,18:40:00,Camelus bactrianus,1,-,-
R75,ZSL51,PTDC0805,29/04/2019,19:00:00,Camelus bactrianus,1,-,-
R75,ZSL51,PTDC0806,29/04/2019,19:20:00,Camelus bactrianus,1,-,-
R75,ZSL51,PTDC0807,29/04/2019,19:40:00,Camelus bactrianus,1,-,-
R75,ZSL51,PTDC0808,29/04/2019,20:00:00,Camelus bactrianus,1,-,-
R75,ZSL51,PTDC0814,30/04/2019,06:40:00,Camelus bactrianus,1,-,-
R75,ZSL51,PTDC0815,30/04/2019,07:00:00,Camelus bactrianus,1,-,-
R75,ZSL51,PTDC0816,30/04/2019,07:20:00,Camelus bactrianus,1,-,-
R75,ZSL51,PTDC0817,30/04/2019,07:40:00,Camelus bactrianus,1,-,-
R75,ZSL51,PTDC0818,30/04/2019,08:00:00,Camelus bactrianus,1,-,-
R75,ZSL51,PTDC0819,30/04/2019,08:20:00,Camelus bactrianus,1,-,-
R75,ZSL51,PTDC0820,30/04/2019,08:40:00,Camelus bactrianus,1,-,-
R75,ZSL51,PTDC0821,30/04/2019,09:00:00,Camelus bactrianus,1,-,-
R75,ZSL51,PTDC0822,30/04/2019,09:20:00,Camelus bactrianus,1,-,-
R75,ZSL51,PTDC0823,30/04/2019,09:40:00,Camelus bactrianus,1,-,-
R75,ZSL51,PTDC0825,30/04/2019,10:20:00,Camelus bactrianus,1,-,-
R75,ZSL51,PTDC0826,30/04/2019,10:40:00,Camelus bactrianus,1,-,-
R75,ZSL51,PTDC0827,30/04/2019,11:00:00,Camelus bactrianus,1,-,-
R75,ZSL51,PTDC0828,30/04/2019,11:20:00,Camelus bactrianus,1,-,-
R75,ZSL51,PTDC0829,30/04/2019,11:40:00,Camelus bactrianus,1,-,-
R75,ZSL51,PTDC0830,30/04/2019,12:00:00,Camelus bactrianus,1,-,-
R75,ZSL51,PTDC0831,30/04/2019,12:20:00,Camelus bactrianus,1,-,-
R75,ZSL51,PTDC0832,30/04/2019,12:40:00,Camelus bactrianus,1,-,-
R75,ZSL51,PTDC0833,30/04/2019,13:00:00,Camelus bactrianus,1,-,-
R75,ZSL51,PTDC0834,30/04/2019,13:20:00,Camelus bactrianus,2,-,-
R75,ZSL51,PTDC0835,30/04/2019,13:40:00,Camelus bactrianus,2,-,-
R75,ZSL51,PTDC0836,30/04/2019,14:00:00,Camelus bactrianus,2,-,-
R75,ZSL51,PTDC0837,30/04/2019,14:20:00,Camelus bactrianus,2,-,-
R75,ZSL51,PTDC0838,30/04/2019,14:40:00,Camelus bactrianus,2,-,-
R75,ZSL51,PTDC0839,30/04/2019,15:00:00,Camelus bactrianus,2,-,-
R75,ZSL51,PTDC0840,30/04/2019,15:20:00,Camelus bactrianus,2,-,-
R75,ZSL51,PTDC0841,30/04/2019,15:40:00,Camelus bactrianus,2,-,-
R75,ZSL51,PTDC0842,30/04/2019,16:00:00,Camelus bactrianus,2,-,-
R75,ZSL51,PTDC0843,30/04/2019,16:20:00,Camelus bactrianus,2,-,-
R75,ZSL51,PTDC0844,30/04/2019,16:40:00,Camelus bactrianus,2,-,-
R75,ZSL51,PTDC0845,30/04/2019,17:00:00,Camelus bactrianus,1,-,-
R75,ZSL51,PTDC0846,30/04/2019,17:20:00,Camelus bactrianus,1,-,-
R75,ZSL51,PTDC2652,06/09/2019,06:00:00,Camelus bactrianus,1,-,-
R76,ZL29,PTDC0001,04/12/2019,13:53:39,Human,1,1M,1A
R76,ZL29,PTDC0002,04/12/2019,13:54:09,Human,1,1M,1A
R76,ZL29,PTDC0278,18/04/2019,14:00:00,Gazella subgutturosa,4,-,-
R76,ZL29,PTDC0279,18/04/2019,14:20:00,Gazella subgutturosa,5,-,-
R76,ZL29,PTDC0280,18/04/2019,14:40:00,Gazella subgutturosa,2,-,-
R76,ZL29,PTDC0281,18/04/2019,15:00:00,Gazella subgutturosa,2,-,-
R76,ZL29,PTDC0869,05/01/2019,11:40:00,SmallBird,1,-,-
R76,ZL29,PTDC0887,05/01/2019,17:40:00,unknown animal,2,-,-
R76,ZL29,PTDC1116,05/06/2019,17:20:00,Camelus bactrianus,3,1F/1M,2A/1J
R76,ZL29,PTDC1117,05/06/2019,17:40:00,Camelus bactrianus,1,-,-
R76,ZL29,PTDC1118,05/06/2019,18:00:00,Camelus bactrianus,1,-,-
R76,ZL29,PTDC1142,05/07/2019,10:40:00,Equus hemionus,2,-,-
R76,ZL29,PTDC2143,29/05/2019,07:00:00,Camelus bactrianus,1,-,-
R76,ZL29,PTDC2174,29/05/2019,17:20:00,Gazella subgutturosa,3,-,-
R76,ZL29,PTDC2353,06/02/2019,15:40:00,unknown animal,1,-,-
R76,ZL29,PTDC2410,06/03/2019,19:20,Equus hemionus,2,-,-
R76,ZL29,PTDC2629,06/08/2019,15:40,unknown animal,1,-,-
R76,ZL29,PTDC5386,08/07/2019,14:40:00,unknown animal,2,-,-
R76,ZL29,PTDC6962,10/09/2019,18:40,Gazella subgutturosa,2,-,-
R76,ZL29,PTDC8476,13/10/2019,17:20:00,unknown animal,4,-,-
R77,ZL97,PTDC0001,04/12/2019,11:36:16,Human,1,1F,1A
R79,ZL14,PTDC0001,08/05/2019,20:58:38,Human,1,1M,1A
R79,ZL14,PTDC1003,27/08/2019,16:40:00,unknown animal,1,-,-
R79,ZL14,PTDC3443,19/10/2019,17:17:07,Human,1,1F,1A
R79,ZL14,PTDC3444,19/10/2019,17:45:51,Human,2,1F/1M,2A/1J
R81,ZSL74ZS79,PTDC0001,19/04/2019,13:31:21,Human,1,1M,1A
R81,ZSL74ZS79,PTDC1892,29/05/2019,15:23:46,SmallBird,1,-,-
R81,ZSL74ZS79,PTDC3074,23/06/2019,14:00:00,unknown animal,1,-,-
R81,ZSL74ZS79,PTDC4021,12/07/2019,14:54:56,Bird,1,-,-
R81,ZSL74ZS79,PTDC4026,12/07/2019,16:11:42,Bird,1,-,-
R81,ZSL74ZS79,PTDC4975,01/08/2019,15:05:48,Bird,1,-,-
R81,ZSL74ZS79,PTDC5418,10/08/2019,19:20:00,Bird,1,-,-
R81,ZSL74ZS79,PTDC6108,25/08/2019,13:08:26,Bird,1,-,-
R81,ZSL74ZS79,PTDC7701,28/09/2019,19:17:05,Bird,1,-,-
R81,ZSL74ZS79,PTDC7704,28/09/2019,19:19:15,Bird,1,-,-
R81,ZS74,PTDC0001,16/04/2019,15:13:46,Human,1,1M,1A
R81,ZS74,PTDC0004,16/04/2019,15:16:22,Human,1,1M,1A
R81,ZS74,PTDC0006,16/04/2019,15:18:36,Human,1,1M,1A
R81,ZS74,PTDC0007,16/04/2019,15:18:57,Human,2,2M,1A
R81,ZS74,PTDC2285,06/05/2019,06:44:10,Gazella subgutturosa,1,1F,1A
R81,ZS74,PTDC3115,23/06/2019,06:39:54,Bird,1,-,-
R81,ZS74,PTDC3130,23/06/2019,10:15:04,Bird,1,-,-
R81,ZS74,PTDC3169,23/06/2019,19:10:38,Bird,1,-,-
R81,ZS74,PTDC3372,28/06/2019,08:17:11,Bird,1,-,-
R81,ZS74,PTDC3375,28/06/2019,08:19,Bird,1,-,-
R81,ZS74,PTDC3378,28/06/2019,08:20:25,Bird,1,-,-
R81,ZS74,PTDC3531,07/01/2019,11:13:22,Bird,1,-,-
R81,ZS74,PTDC3779,07/06/2019,16:08:09,Bird,1,-,-
R81,ZS74,PTDC4043,07/12/2019,11:18:17,Bird,1,-,-
R81,ZS74,PTDC4059,07/12/2019,13:49:04,Gazella subgutturosa,1,1F,1A
R81,ZS74,PTDC4060,07/12/2019,13:49:18,Gazella subgutturosa,1,1F,1A
R81,ZS74,PTDC4061,07/12/2019,13:51:28,Gazella subgutturosa,1,1F,1A
R81,ZS74,PTDC4062,07/12/2019,13:51:40,Gazella subgutturosa,1,1F,1A
R81,ZS74,PTDC4063,07/12/2019,13:51:51,Gazella subgutturosa,1,1F,1A
R81,ZS74,PTDC4064,07/12/2019,13:52:00,Gazella subgutturosa,1,1F,1A
R81,ZS74,PTDC4065,07/12/2019,13:52:37,Gazella subgutturosa,1,1F,1A
R81,ZS74,PTDC4066,07/12/2019,13:52:46,Gazella subgutturosa,1,1F,1A
R81,ZS74,PTDC4067,07/12/2019,13:52:55,Gazella subgutturosa,1,1F,1A
R81,ZS74,PTDC4089,07/12/2019,18:25:56,Bird,1,-,-
R81,ZS74,PTDC4092,07/12/2019,18:27:38,Bird,1,-,-
R81,ZS74,PTDC4094,07/12/2019,18:30:19,Bird,1,-,-
R81,ZS74,PTDC4215,15/07/2019,08:15:06,Bird,1,-,-
R81,ZS74,PTDC4219,15/07/2019,08:38:49,Bird,1,-,-
R81,ZS74,PTDC4227,15/07/2019,08:42:54,Bird,1,-,-
R81,ZS74,PTDC4228,15/07/2019,08:43:11,Bird,1,-,-
R81,ZS74,PTDC4246,15/07/2019,14:34:38,Bird,1,-,-
R81,ZS74,PTDC4251,15/07/2019,15:28:55,Bird,1,-,-
R81,ZS74,PTDC4313,16/07/2019,17:03:32,Bird,1,-,-
R81,ZS74,PTDC4315,16/07/2019,17:10:51,Bird,1,-,-
R81,ZS74,PTDC5227,08/05/2019,09:43:02,Bird,1,-,-
R81,ZS74,PTDC5247,08/05/2019,13:07:17,Bird,1,-,-
R81,ZS74,PTDC5276,08/05/2019,18:53:54,Bird,1,-,-
R81,ZS74,PTDC5516,08/11/2019,05:00:00,unknown animal,1,-,-
R81,ZS74,PTDC5595,08/12/2019,11:06:17,Bird,1,-,-
R81,ZS74,PTDC5795,16/08/2019,15:22:09,Bird,1,-,-
R81,ZS74,PTDC5799,16/08/2019,15:23:58,Bird,1,-,-
R81,ZS74,PTDC5846,17/08/2019,08:41:27,Bird,1,-,-
R81,ZS74,PTDC5917,18/08/2019,15:43:19,Bird,1,-,-
R81,ZS74,PTDC5918,18/08/2019,15:43:57,Bird,1,-,-
R81,ZS74,PTDC6164,23/08/2019,18:42:58,Bird,1,-,-
R81,ZS74,PTDC6168,23/08/2019,19:58:18,Bird,1,-,-
R81,ZS74,PTDC6206,24/08/2019,11:28:36,Bird,1,-,-
R81,ZS74,PTDC6208,24/08/2019,11:29,Bird,1,-,-
R81,ZS74,PTDC6385,27/08/2019,19:50:03,Bird,1,-,-
R81,ZS74,PTDC6444,29/08/2019,07:37:47,Bird,1,-,-
R81,ZS74,PTDC6736,09/04/2019,10:26:44,Bird,1,-,-
R81,ZS74,PTDC6738,09/04/2019,10:27,Bird,1,-,-
R81,ZS74,PTDC7623,22/09/2019,11:14:44,Bird,1,-,-
R81,ZS74,PTDC8014,30/09/2019,18:26:08,Bird,1,-,-
R81,ZS74,PTDC9073,23/10/2019,17:22:28,Human,1,1M,1A
R82,ZS36,PTDC0001,17/04/2019,10:28:28,Human,1,1M,1A
R82,ZS36,PTDC0002,17/04/2019,10:28:41,Human,1,1M,1A
R82,ZS36,PTDC0003,17/04/2019,10:28:55,Human,1,1M,1A
R82,ZS36,PTDC0005,17/04/2019,10:39:20,Human,2,2M,2A
R82,ZS36,PTDC1203,13/05/2019,08:14,Bird,1,-,-
R82,ZS36,PTDC3515,30/06/2019,11:22:37,Bird,1,-,-
R82,ZS36,PTDC4172,14/07/2019,12:22:32,Bird,1,-,-
R82,ZS36,PTDC4173,14/07/2019,12:22:47,Bird,1,-,-
R82,ZS36,PTDC4174,14/07/2019,12:23:01,Bird,1,-,-
R82,ZS36,PTDC4358,08/05/2019,12:56:01,Bird,1,-,-
R82,ZS36,PTDC4403,08/06/2019,11:56,Bird,1,-,-
R82,ZS36,PTDC4422,21/08/2019,13:34:09,Bird,1,-,-
R82,ZS36,PTDC4424,22/08/2019,12:05:10,Bird,1,-,-
R82,ZS36,PTDC4425,24/08/2019,12:39:11,Bird,1,-,-
R82,ZS36,PTDC4436,09/07/2019,13:25:48,Bird,1,-,-
R82,ZS36,PTDC4440,09/11/2019,09:48:26,Gazella subgutturosa,2,2F,2A
R82,ZS36,PTDC4441,17/09/2019,14:30:01,Bird,1,-,-
R82,ZS36,PTDC4444,26/09/2019,14:18:34,Gazella subgutturosa,1,1F,1A
R84,ZL60,PTDC0001,18/04/2019,14:01:51,Human,1,1M,1A
R84,ZL60,PTDC0002,18/04/2019,14:02:04,Human,1,1M,1A
R84,ZL60,PTDC0005,18/04/2019,14:08:50,Human,2,-,-
R84,ZL60,PTDC2104,06/02/2019,17:00:00,Camelus bactrianus,4,-,-
R84,ZL60,PTDC2105,06/02/2019,17:07:00,Camelus bactrianus,1,-,-
R84,ZL60,PTDC4831,30/07/2019,12:07,Bird,1,-,-
R84,ZL60,PTDC4834,30/07/2019,12:50:10,Bird,1,-,-
R84,ZL60,PTDC4844,30/07/2019,12:53:56,unknown animal,1,-,-
R84,ZL60,PTDC5646,26/08/2019,08:59:56,Bird,1,-,-
R84,ZL60,PTDC6157,27/08/2019,09:22:32,Bird,1,-,-
R84,ZL60,PTDC6162,27/08/2019,09:24:20,Bird,1,-,-
R84,ZL60,PTDC6313,30/08/2019,11:25:05,Bird,1,-,-
R84,ZL60,PTDC6346,31/08/2019,06:45:58,Gazella subgutturosa,1,1F,1Y
R84,ZL60,PTDC6347,31/08/2019,06:46:12,Gazella subgutturosa,1,1F,1Y
R84,ZL60,PTDC6348,31/08/2019,06:46:36,Gazella subgutturosa,1,1F,1Y
R84,ZL60,PTDC6349,31/08/2019,06:46:51,Gazella subgutturosa,2,2F,2Y
R84,ZL60,PTDC6350,31/08/2019,06:47:20,Gazella subgutturosa,2,2F,2Y
R84,ZL60,PTDC7351,21/09/2019,16:14:20,Bird,1,-,-
R84,ZS72,PTDC0001,18/04/2019,10:26:42,Human,1,1M,1A
R84,ZS72,PTDC0003,18/04/2019,10:29:53,Human,1,1M,1A
R84,ZS72,PTDC2711,06/08/2019,16:24:43,Bird,1,-,-
R84,ZS72,PTDC3828,07/01/2019,08:49:29,unknown animal,1,-,-
R84,ZS72,PTDC4291,07/10/2019,19:33:06,Bird,1,-,-
R84,ZS72,PTDC4300,07/11/2019,06:48:36,Bird,1,-,-
R84,ZS72,PTDC5272,30/07/2019,09:47:44,Goat,1,-,-
R84,ZS72,PTDC5987,14/08/2019,08:01:05,Bird,1,-,-
R84,ZS72,PTDC6085,16/08/2019,09:23:45,Bird,1,-,-
R84,ZS72,PTDC6086,16/08/2019,09:27:24,Bird,1,-,-
R84,ZS72,PTDC6088,16/08/2019,09:29:28,Bird,1,-,-
R84,ZS72,PTDC6107,16/08/2019,14:32:35,Bird,1,-,-
R84,ZS72,PTDC6108,16/08/2019,14:32:49,Bird,1,-,-
R84,ZS72,PTDC6109,16/08/2019,14:33:04,Bird,1,-,-
R84,ZS72,PTDC6110,16/08/2019,14:33:18,Bird,1,-,-
R84,ZS72,PTDC6111,16/08/2019,14:33:32,Bird,1,-,-
R84,ZS72,PTDC6112,16/08/2019,14:33:45,Bird,1,-,-
R84,ZS72,PTDC6143,17/08/2019,07:38:48,Bird,1,-,-
R84,ZS72,PTDC6368,22/08/2019,05:06:27,unknown animal,1,-,-
R84,ZS72,PTDC6717,29/08/2019,09:08:04,Bird,1,-,-
R84,ZS72,PTDC7835,21/09/2019,07:51:08,Bird,1,-,-
R85,ZL21,PTDC0001,16/04/2019,14:08:47,Human,1,1M,1A
R88,ZS37,PTDC0001,19/04/2019,17:33:09,Human,2,2M,2A
R88,ZS37,PTDC0180,23/04/2019,14:40:00,Camel?,4,-,-
R88,ZS37,PTDC0181,23/04/2019,14:51:53,Camel & Human,9,-,-
R88,ZS37,PTDC0182,23/04/2019,14:54:12,Sheep & Goat,10+,-,-
R88,ZS37,PTDC0183,23/04/2019,14:54:28,Sheep & Goat,10+,-,-
R88,ZS37,PTDC0184,23/04/2019,14:55:03,Sheep & Goat,10+,-,-
R88,ZS37,PTDC0185,23/04/2019,14:55:19,Sheep & Goat,10+,-,-
R88,ZS37,PTDC0186,23/04/2019,14:55:34,Sheep & Goat,10+,-,-
R88,ZS37,PTDC0187,23/04/2019,14:55:54,Sheep & Goat,10+,-,-
R88,ZS37,PTDC0188,23/04/2019,14:56:24,Sheep & Goat,10+,-,-
R88,ZS37,PTDC0189,23/04/2019,14:56:39,Sheep & Goat,10+,-,-
R88,ZS37,PTDC0190,23/04/2019,14:56:53,Sheep & Goat,10+,-,-
R88,ZS37,PTDC0191,23/04/2019,14:57:08,Sheep & Goat,10+,-,-
R88,ZS37,PTDC0192,23/04/2019,14:57:22,Sheep & Goat,10+,-,-
R88,ZS37,PTDC0193,23/04/2019,14:57:37,Sheep & Goat,10+,-,-
R88,ZS37,PTDC0194,23/04/2019,14:57:56,Sheep & Goat,10+,-,-
R88,ZS37,PTDC0195,23/04/2019,14:58:55,Sheep & Goat,10+,-,-
R88,ZS37,PTDC0196,23/04/2019,14:59:25,Sheep & Goat,10+,-,-
R88,ZS37,PTDC0197,23/04/2019,15:00:00,Sheep & Goat,10+,-,-
R88,ZS37,PTDC0199,23/04/2019,15:28:29,Sheep & Goat,10+,-,-
R88,ZS37,PTDC0200,23/04/2019,15:28:45,Sheep & Goat,10+,-,-
R88,ZS37,PTDC0201,23/04/2019,15:28:59,Sheep & Goat,10+,-,-
R88,ZS37,PTDC0202,23/04/2019,15:31:40,Sheep & Goat,10+,-,-
R88,ZS37,PTDC0203,23/04/2019,15:31:54,Sheep & Goat,10+,-,-
R88,ZS37,PTDC0204,23/04/2019,15:32:18,Sheep & Goat,10+,-,-
R88,ZS37,PTDC0205,23/04/2019,15:32:33,Sheep & Goat,10+,-,-
R88,ZS37,PTDC0206,23/04/2019,15:32:49,Sheep & Goat,10+,-,-
R88,ZS37,PTDC0207,23/04/2019,15:33:11,Sheep & Goat,10+,-,-
R88,ZS37,PTDC0208,23/04/2019,15:33,Sheep & Goat,10+,-,-
R88,ZS37,PTDC0209,23/04/2019,15:34:07,Sheep & Goat,10+,-,-
R88,ZS37,PTDC0210,23/04/2019,15:35:55,Sheep & Goat,10+,-,-
R88,ZS37,PTDC0211,23/04/2019,15:36:12,Sheep & Goat,10+,-,-
R88,ZS37,PTDC0212,23/04/2019,15:36:26,Sheep & Goat,10+,-,-
R88,ZS37,PTDC0213,23/04/2019,15:36:53,Sheep & Goat,10+,-,-
R88,ZS37,PTDC0214,23/04/2019,15:37:07,Sheep & Goat,10+,-,-
R88,ZS37,PTDC0215,23/04/2019,15:37,Sheep & Goat,10+,-,-
R88,ZS37,PTDC0216,23/04/2019,15:37:37,Sheep & Goat,10+,-,-
R88,ZS37,PTDC0217,23/04/2019,15:38:19,Sheep & Goat,10+,-,-
R88,ZS37,PTDC0218,23/04/2019,15:38,Sheep & Goat,10+,-,-
R88,ZS37,PTDC0219,23/04/2019,15:40:00,Sheep & Goat,10+,-,-
R88,ZS37,PTDC0454,28/04/2019,17:14,domestic camel,3,-,-
R88,ZS37,PTDC0455,28/04/2019,17:15:03,domestic camel,4,-,-
R88,ZS37,PTDC0456,28/04/2019,17:15:27,domestic camel,4,-,-
R88,ZS37,PTDC0457,28/04/2019,17:18:42,domestic camel,6,-,-
R88,ZS37,PTDC0458,28/04/2019,17:20:00,domestic camel,8,-,-
R88,ZS37,PTDC0459,28/04/2019,17:23:10,domestic camel,6,-,-
R88,ZS37,PTDC0460,28/04/2019,17:27:17,domestic camel,12,-,-
R88,ZS37,PTDC0461,28/04/2019,17:34:55,domestic camel,2,-,-
R88,ZS37,PTDC0462,28/04/2019,17:38:40,domestic camel,1,-,-
R88,ZS37,PTDC0463,28/04/2019,17:40:00,domestic camel,1,-,-
R88,ZS37,PTDC0464,28/04/2019,17:53:57,domestic camel,3,-,-
R88,ZS37,PTDC0465,28/04/2019,17:57:09,domestic camel,1,-,-
R88,ZS37,PTDC0466,28/04/2019,18:00:00,domestic camel,1,-,-
R88,ZS37,PTDC0467,28/04/2019,18:00:42,domestic camel,3,-,-
R88,ZS37,PTDC0470,28/04/2019,18:58:45,domestic camel,6,-,-
R88,ZS37,PTDC0471,28/04/2019,19:00:00,domestic camel,6,-,-
R88,ZS37,PTDC0537,30/04/2019,10:15,domestic camel,6,-,-
R88,ZS37,PTDC0538,30/04/2019,10:16:12,domestic camel,3,-,-
R88,ZS37,PTDC0819,05/06/2019,10:47:22,domestic camel,5,-,-
R88,ZS37,PTDC1528,21/05/2019,16:40:00,domestic camel,3,-,-
R88,ZS37,PTDC1529,21/05/2019,16:40:39,domestic camel,2,-,-
R88,ZS37,PTDC1530,21/05/2019,16:40:53,domestic camel,4,-,2A/2J
R88,ZS37,PTDC1531,21/05/2019,16:42:31,domestic camel,1,-,-
R88,ZS37,PTDC1594,23/05/2019,06:32:45,domestic camel,3,-,-
R88,ZS37,PTDC1595,23/05/2019,06:33:00,domestic camel,2,-,-
R88,ZS37,PTDC1596,23/05/2019,06:34:57,domestic camel,4,-,-
R88,ZS37,PTDC1602,23/05/2019,08:11:07,domestic camel,1,-,-
R88,ZS37,PTDC1603,23/05/2019,08:03,domestic camel,1,-,-
R88,ZS37,PTDC1607,23/05/2019,09:00:00,domestic camel,1,-,-
R88,ZS37,PTDC1608,23/05/2019,09:01:49,domestic camel,1,-,-
R88,ZS37,PTDC1615,23/05/2019,11:15,Camelus bactrianus,1,-,-
R88,ZS37,PTDC1617,23/05/2019,11:21:56,domestic camel,1,-,-
R88,ZS37,PTDC1643,23/05/2019,19:48:42,domestic camel,4,-,-
R88,ZS37,PTDC1644,23/05/2019,19:49:25,domestic camel,6,-,-
R88,ZS37,PTDC1645,23/05/2019,19:53:01,domestic camel,2,-,-
R88,ZS37,PTDC1646,23/05/2019,19:59:19,domestic camel,3,-,1A/2J
R88,ZS37,PTDC1647,23/05/2019,20:00:00,domestic camel,2,-,-
R88,ZS37,PTDC1648,23/05/2019,20:00:35,domestic camel,2,-,-
R88,ZS37,PTDC1691,24/05/2019,18:59:56,domestic camel,2,-,1A/1Y
R88,ZS37,PTDC1692,24/05/2019,19:00:00,domestic camel,2,-,-
R88,ZS37,PTDC1699,25/05/2019,05:48:03,domestic camel,4,-,-
R88,ZS37,PTDC1700,25/05/2019,05:48:18,domestic camel,5,-,-
R88,ZS37,PTDC1701,25/05/2019,05:48:54,domestic camel,4,-,-
R88,ZS37,PTDC1760,26/05/2019,09:40:00,domestic camel,6,-,-
R88,ZS37,PTDC2181,06/04/2019,11:39:30,domestic camel,5,-,-
R88,ZS37,PTDC2182,06/04/2019,11:40:00,domestic camel,10+,-,-
R88,ZS37,PTDC3631,07/05/2019,17:22:00,Camelus bactrianus,1,-,1A
R88,ZS37,PTDC3641,07/06/2019,05:06:06,Camelus bactrianus,1,-,1A
R88,ZS37,PTDC3676,07/06/2019,16:37:19,Camelus bactrianus,1,-,1A
R88,ZS37,PTDC3677,07/06/2019,16:37,Camelus bactrianus,1,-,-
R88,ZS37,PTDC3678,07/06/2019,16:40:00,Camelus bactrianus,1,-,-
R88,ZS37,PTDC3679,07/06/2019,16:58:43,Camelus bactrianus,1,-,-
R88,ZS37,PTDC4541,25/07/2019,12:00:55,Gazella subgutturosa,1,-,-
R88,ZS37,PTDC4542,25/07/2019,12:01:43,Gazella subgutturosa,2,-,-
R88,ZS37,PTDC4543,25/07/2019,12:03:17,Gazella subgutturosa,1,-,-
R88,ZS37,PTDC4651,27/07/2019,16:58,Human,2,-,-
R88,ZS37,PTDC5833,22/08/2019,10:19:13,domestic camel,3,-,-
R88,ZS37,PTDC5834,22/08/2019,10:19:41,domestic camel,2,-,-
R88,ZS37,PTDC5924,24/08/2019,08:49:21,domestic camel,2,-,-
R88,ZS37,PTDC5925,24/08/2019,08:49:36,domestic camel,2,-,-
R88,ZS37,PTDC5926,24/08/2019,08:50:03,domestic camel,2,-,-
R88,ZS37,PTDC5927,24/08/2019,08:50:32,domestic camel,3,-,-
R88,ZS37,PTDC5938,24/08/2019,12:20:00,domestic camel,1,-,-
R88,ZS37,PTDC5939,24/08/2019,12:22,domestic camel,1,-,-
R88,ZS37,PTDC5941,24/08/2019,12:45:38,domestic camel,1,-,-
R88,ZS37,PTDC5942,24/08/2019,12:46:31,domestic camel,1,-,-
R88,ZS37,PTDC6121,28/08/2019,09:42:51,Ovis ammon,3,3F,3A
R88,ZS37,PTDC6122,28/08/2019,09:43:10,Ovis ammon,2,2F,2A
R88,ZS37,PTDC6605,09/07/2019,15:59:47,domestic camel,1,-,-
R88,ZS37,PTDC7240,21/09/2019,12:39:09,Gazella subgutturosa,3,2F,3A
R88,ZS37,PTDC7241,21/09/2019,12:39:26,Gazella subgutturosa,3,-,-
R88,ZS37,PTDC7242,21/09/2019,12:40:00,Gazella subgutturosa,1,-,-
R88,ZS37,PTDC7247,21/09/2019,14:13:22,Gazella subgutturosa,1,-,-
R88,ZS37,PTDC7248,21/09/2019,14:14:47,Gazella subgutturosa,3,-,-
R88,ZS37,PTDC7249,21/09/2019,14:15:03,Gazella subgutturosa,3,-,-
R88,ZS37,PTDC7255,21/09/2019,15:46,Gazella subgutturosa,1,-,-
R88,ZS37,PTDC7263,21/09/2019,18:18:56,Gazella subgutturosa,1,-,-
R88,ZS37,PTDC7264,21/09/2019,18:20:00,Gazella subgutturosa,1,-,-
R88,ZS37,PTDC7265,21/09/2019,18:32:19,Gazella subgutturosa,1,-,-
R88,ZS37,PTDC7339,23/09/2019,12:20:00,Gazella subgutturosa,2,2F,2A
R88,ZS37,PTDC7340,23/09/2019,12:24:01,Gazella subgutturosa,1,1F,1A
R88,ZS37,PTDC7341,23/09/2019,12:24,Gazella subgutturosa,2,2F,2A
R88,ZS37,PTDC7346,23/09/2019,13:48:43,Gazella subgutturosa,2,2F,2A
R88,ZS37,PTDC7347,23/09/2019,13:49:08,Gazella subgutturosa,2,2F,2A
R88,ZS37,PTDC7419,25/09/2019,06:48,domestic camel,1,-,-
R88,ZS37,PTDC7420,25/09/2019,06:49:04,domestic camel,1,-,-
R88,ZS37,PTDC7476,26/09/2019,09:49:24,Gazella subgutturosa,1,1F,1Y
R88,ZS37,PTDC7477,26/09/2019,09:49:39,Gazella subgutturosa,2,2F,2Y
R88,ZS37,PTDC8161,10/11/2019,07:14:15,-,-,-,-
R89,ZL33,PTDC0001,18/04/2019,20:54:01,Human,2,1M/1F,2A
R89,ZL33,PTDC3761,07/09/2019,16:00:00,unknown animal,1,-,-
R89,ZL33,PTDC4772,31/07/2019,15:40,unknown animal,1,-,-
R89,ZL33,PTDC8591,22/10/2019,16:00:00,Camelus bactrianus,1,-,1A
RG86,WCP5,DSCF5387,01/01/2016,12:00:01,-,-,-,-
RG87,ZL23,PTDC0001,16/04/2019,11:19:37,Human,1,1M,1A
RG87,ZL23,PTDC0395,15/04/2019,05:00:00,-,-,-,-
RG90,ZL25,PTDC0001,-,-,Human,1,1F,1A
RG90,ZL25,PTDC0002,19/04/2019,12:32:36,Human,1,1M,1A
